Date,Asset1,Asset2,Spread,ZScore
2020-05-26,29.600000381469727,41.29999923706055,-4.486388392724777,-1.3062905145212034
2020-05-27,30.229999542236328,41.40999984741211,-3.9471767292731244,-0.99877815238117
2020-05-28,30.139999389648438,41.25,-3.9051231989687594,-0.9571606341261829
2020-05-29,29.600000381469727,41.45899963378906,-4.617617192682616,-1.3091218980671475
2020-06-01,30.530000686645508,41.255001068115234,-3.519249465051864,-0.7101777467378237
2020-06-02,30.84000015258789,41.814998626708984,-3.671436315028288,-0.7748151138761543
2020-06-03,32.130001068115234,43.2599983215332,-3.5740461086113626,-0.7077835419356374
2020-06-04,31.780000686645508,43.542999267578125,-4.157617445251859,-0.9995542673236095
2020-06-05,33.310001373291016,44.74700164794922,-3.621323634648064,-0.6980954236077266
2020-06-08,34.20000076293945,44.231998443603516,-2.3062734031698042,0.014116395040318969
2020-06-09,33.56999969482422,44.4370002746582,-3.1054699250825593,-0.4035962280877605
2020-06-10,33.22999954223633,44.4379997253418,-3.4462949606048596,-0.5750716109609142
2020-06-11,30.989999771118164,41.56700134277344,-3.316755534480322,-0.49436695887929427
2020-06-12,31.600000381469727,41.494998931884766,-2.6473287203619478,-0.12651236622140852
2020-06-15,31.790000915527344,42.63600158691406,-3.3990391018051866,-0.5222819059450292
2020-06-16,32.060001373291016,43.52000045776367,-3.8586350058905836,-0.7590390532516187
2020-06-17,31.729999542236328,44.34000015258789,-4.865412355319066,-1.2757812013073309
2020-06-18,31.81999969482422,43.73699951171875,-4.277733881775916,-0.9442400704169551
2020-06-19,31.3700008392334,43.51599884033203,-4.5453328598024285,-1.0672976931134928
2020-06-22,31.520000457763672,43.92399978637695,-4.732071234590244,-1.1426931744950373
2020-06-23,31.770000457763672,43.944000244140625,-4.498578338502796,-0.9994243953905284
2020-06-24,31.0,42.92300033569336,-4.42591050424091,-0.9427319539806049
2020-06-25,31.200000762939453,43.244998931884766,-4.491666872954774,-0.9615562719024059
2020-06-26,30.399999618530273,42.49300003051758,-4.671016022611191,-1.0435010711774504
2020-06-29,30.75,42.60200119018555,-4.410978255522011,-0.8835657250224763
2020-06-30,30.93000030517578,43.880001068115234,-5.285757647615412,-1.3356101540123053
2020-07-01,30.829999923706055,43.415000915527344,-5.0019765212407705,-1.1605935429595726
2020-07-02,31.6200008392334,43.89899826049805,-4.611436186127797,-0.9279768719841712
2020-07-06,33.43000030517578,45.06999969482422,-3.7679067173510177,-0.4436295956267136
2020-07-07,33.25,44.84000015258789,-3.7580800501446987,-0.4238493364030979
2020-07-08,32.849998474121094,45.12799835205078,-4.395776945866395,-0.7687237875318579
2020-07-09,32.7599983215332,45.83000183105469,-5.065166056037889,-1.1282665580392834
2020-07-10,33.540000915527344,45.61800003051758,-4.11019067929724,-0.5675091476226781
2020-07-13,33.84000015258789,44.84000015258789,-3.168079897556808,-0.0031765385475633966
2020-07-14,34.150001525878906,45.244998931884766,-3.1923387203725184,0.004065587940271942
2020-07-15,34.83000183105469,45.43000030517578,-2.6650267650817057,0.3569154959029896
2020-07-16,34.5099983215332,45.21500015258789,-2.807582843053467,0.2991899224276215
2020-07-17,34.88999938964844,45.547000885009766,-2.701594032751892,0.40745335088853657
2020-07-20,35.380001068115234,46.61399841308594,-3.0922241517421796,0.18441205148587886
2020-07-21,35.15999984741211,46.13100051879883,-2.913589674965337,0.35364421946405455
2020-07-22,35.13999938964844,46.14099884033203,-2.941842110481211,0.37483402957558853
2020-07-23,35.130001068115234,46.029998779296875,-2.8602280517650627,0.48477315903389173
2020-07-24,34.75,44.974998474121094,-2.36949906604422,0.9570240292810435
2020-07-27,35.36000061035156,46.053001403808594,-2.6492134106526493,0.7675390649783101
2020-07-28,34.939998626708984,45.459999084472656,-2.5797890510921633,0.8793517269944235
2020-07-29,34.900001525878906,46.058998107910156,-3.1141617927317355,0.4357109456110249
2020-07-30,34.38999938964844,47.24100112915039,-4.59971393522256,-1.0116194268407739
2020-07-31,33.16999816894531,47.165000915527344,-5.756989420421256,-2.168605695270024
2020-08-03,34.16999816894531,48.229000091552734,-5.6351465690751255,-2.0813167915419455
2020-08-04,35.09000015258789,48.16999816894531,-4.666448156629301,-1.0632220383301436
2020-08-05,35.22999954223633,48.229000091552734,-4.57514519578411,-0.9447056478899368
2020-08-06,35.650001525878906,48.27000045776367,-4.188982302901039,-0.47211688518000416
2020-08-07,35.27000045776367,47.0,-3.520805885630473,0.36286154125205633
2020-08-10,35.91999816894531,47.053001403808594,-2.9145521572374946,1.1093925358941035
2020-08-11,36.59000015258789,46.487998962402344,-1.7782331461877945,2.4458400830068774
2020-08-12,37.2400016784668,47.84000015258789,-2.244087287213695,1.8836013269837475
2020-08-13,37.04999923706055,47.38199996948242,-2.056085549724557,2.0584790494066785
2020-08-14,37.029998779296875,47.11000061035156,-1.851595061412219,2.2381300875193517
2020-08-17,37.689998626708984,47.70500183105469,-1.682671323071979,2.4075508596202764
2020-08-18,37.72999954223633,47.409000396728516,-1.398369677410308,2.6270017674610684
2020-08-19,37.72999954223633,46.88100051879883,-0.9625922090250683,2.9848620219642794
2020-08-20,37.27000045776367,46.4640007019043,-1.0784262053618434,2.7262966366769943
2020-08-21,37.31999969482422,46.45199966430664,-1.0185220762721343,2.6655825584527
2020-08-24,37.7599983215332,47.058998107910156,-1.079501302256034,2.5058488792258564
2020-08-25,37.970001220703125,47.5890007019043,-1.3069287857483118,2.2047413903537243
2020-08-26,38.75,47.63999938964844,-0.5690210749631461,2.7556659337727067
2020-08-27,38.619998931884766,46.917999267578125,-0.10312922999036545,3.010047843053882
2020-08-28,39.0,47.75,-0.4098085722780951,2.61761402658218
2020-08-31,39.7400016784668,47.959999084472656,0.15687323771915374,2.934734262139464
2020-09-01,39.91999816894531,48.369998931884766,-0.0015180309892315336,2.6777230742250646
2020-09-02,39.22999954223633,50.06999969482422,-2.0945890061834618,1.0343335942412784
2020-09-03,38.04999923706055,46.66299819946289,-0.462667285439764,2.2140454831748757
2020-09-04,39.119998931884766,46.52000045776367,0.7253536371673732,2.939040503208449
2020-09-08,37.95000076293945,44.29800033569336,1.3892528390779688,3.2018822494591026
2020-09-09,38.4900016784668,45.8650016784668,0.6359506561507757,2.5681335815333313
2020-09-10,38.369998931884766,45.2400016784668,1.0317831003053684,2.694895121386557
2020-09-11,38.560001373291016,45.040000915527344,1.3868534324289712,2.7754383243989804
2020-09-14,39.43000030517578,46.279998779296875,1.233437109000839,2.5634764787265847
2020-09-15,40.209999084472656,46.8390007019043,1.5520713069051695,2.624719331315062
2020-09-16,40.20000076293945,46.619998931884766,1.7228230970674616,2.599796040746078
2020-09-17,40.18000030517578,46.43600082397461,1.854682957846208,2.554295467613837
2020-09-18,39.9900016784668,45.73400115966797,2.2440701403126795,2.633927869731523
2020-09-21,39.0099983215332,45.5620002746582,1.4060253583004965,2.1288544221560057
2020-09-22,38.560001373291016,46.16600036621094,0.4575252061686399,1.6111167836494928
2020-09-23,37.77000045776367,44.939998626708984,0.6793880364643741,1.6772420132971926
2020-09-24,37.58000183105469,45.39500045776367,0.11385987966321665,1.373426878386564
2020-09-25,37.38999938964844,46.11800003051758,-0.672860357765444,0.9735943446177734
2020-09-28,38.45000076293945,47.43000030517578,-0.6957004435541378,0.9443449680956602
2020-09-29,38.63999938964844,47.720001220703125,-0.7450501009649031,0.9025636751839329
2020-09-30,39.33000183105469,47.650001525878906,0.0027256299311986254,1.2361750714132667
2020-10-01,39.38999938964844,48.72999954223633,-0.8286383838957008,0.8211430669858448
2020-10-02,39.290000915527344,47.560001373291016,0.03700510780625166,1.2105113716563098
2020-10-05,39.95000076293945,48.97999954223633,-0.47497108689933754,0.9474507048653423
2020-10-06,39.869998931884766,48.834999084472656,-0.4352987758941538,0.9473908681248198
2020-10-07,40.709999084472656,49.81100082397461,-0.4008282928346887,0.9449315865509608
2020-10-08,40.81999969482422,50.25400161743164,-0.656452320546137,0.8065948122885928
2020-10-09,40.7599983215332,51.540000915527344,-1.7778356029897324,0.26049394036833223
2020-10-12,41.15999984741211,52.06700134277344,-1.8127866625616633,0.22983282968880228
2020-10-13,40.880001068115234,52.08700180053711,-2.1092925457710834,0.0751504183200327
2020-10-14,41.04999923706055,51.80799865722656,-1.7090229533926333,0.25651773359864644
2020-10-15,40.4900016784668,51.560001373291016,-2.064339349968691,0.07077840833825708
2020-10-16,40.599998474121094,51.41299819946289,-1.8330154979775628,0.17516205092763273
2020-10-19,40.33000183105469,50.93199920654297,-1.7060262094328138,0.2279639130732127
2020-10-20,41.15999984741211,51.01599884033203,-0.9453561404632111,0.5913087254597478
2020-10-21,41.18000030517578,50.513999938964844,-0.5110377642414292,0.7928564058573491
2020-10-22,41.400001525878906,50.61199951171875,-0.37191914882409094,0.8454641700246145
2020-10-23,41.459999084472656,50.59400177001953,-0.2970674005947487,0.8656747905626674
2020-10-26,40.869998931884766,49.619998931884766,-0.08318764952302615,0.9531252790446013
2020-10-27,40.880001068115234,49.611000061035156,-0.06575841847475772,0.9429732447492771
2020-10-28,39.18000030517578,47.80799865722656,-0.27767666456300333,0.8243740362013242
2020-10-29,40.029998779296875,49.4119987487793,-0.751517699510174,0.5770520499554788
2020-10-30,39.349998474121094,48.26100158691406,-0.4815582598410515,0.6969034245397294
2020-11-02,40.56999969482422,48.43899917602539,0.5915350883342327,1.2054902712634434
2020-11-03,42.040000915527344,49.40299987792969,1.2659115315380873,1.5036007039790271
2020-11-04,42.0,51.277000427246094,-0.3207700732647254,0.7117760986707874
2020-11-05,43.70000076293945,53.67300033569336,-0.5982750219713964,0.5619093060392987
2020-11-06,43.65999984741211,54.810001373291016,-1.576684172853824,0.06526376803209177
2020-11-09,45.189998626708984,54.20899963378906,0.44934316152950515,1.0533703188223942
2020-11-10,45.869998931884766,52.198001861572266,2.789092937749089,2.1554316118341963
2020-11-11,45.470001220703125,54.099998474121094,0.8193083699041921,1.1642142524669419
2020-11-12,44.91999816894531,53.290000915527344,0.9378257103598244,1.200452708247598
2020-11-13,45.93000030517578,53.7599983215332,1.5599219240738975,1.4796031084552226
2020-11-16,46.900001525878906,54.92599868774414,1.567580710691594,1.454946183490573
2020-11-17,47.15999984741211,54.599998474121094,2.0966388440238717,1.683473505250052
2020-11-18,47.83000183105469,54.18000030517578,3.113280564605553,2.127596721638375
2020-11-19,47.61000061035156,55.03499984741211,2.187617180783704,1.6469546312470393
2020-11-20,48.40999984741211,55.04800033569336,2.976886642880686,1.9947756467194986
2020-11-23,49.45000076293945,55.4900016784668,3.6520878032794215,2.2629263174078056
2020-11-24,50.68000030517578,55.88999938964844,4.551954712489199,2.5939289520138953
2020-11-25,49.97999954223633,55.7400016784668,3.975752506281644,2.2445980108529358
2020-11-27,49.400001525878906,56.084999084472656,3.1110156055551457,1.8003070123155251
2020-11-30,47.93000030517578,57.0,0.8858309099956472,0.7461797156840398
2020-12-01,49.279998779296875,57.981998443603516,1.4253504169818854,0.9852969773570814
2020-12-02,49.209999084472656,57.8849983215332,1.4354084445090507,0.970761893999386
2020-12-03,49.220001220703125,57.8849983215332,1.4454105807395194,0.9565374550122066
2020-12-04,50.0,59.13999938964844,1.1896114154829718,0.8159438893958074
2020-12-07,49.790000915527344,59.5,0.6824907574007142,0.5561584283972694
2020-12-08,50.119998931884766,59.935001373291016,0.6534663475785152,0.5281741456938988
2020-12-09,49.93000030517578,57.83700180053711,2.1950229365125153,1.2567685340984562
2020-12-10,49.68000030517578,58.0,1.8104946048170518,1.0479560106202959
2020-12-11,49.2400016784668,57.13999938964844,2.0802857043069665,1.15744242589476
2020-12-14,49.849998474121094,58.3849983215332,1.6627396815681905,0.9337254529987201
2020-12-15,50.88999938964844,59.07500076293945,2.133256531541086,1.1423398338698618
2020-12-16,51.290000915527344,59.15999984741211,2.4631052270977634,1.2785261208171672
2020-12-17,51.29999923706055,59.60499954223633,2.1058291446991433,1.0812171932843053
2020-12-18,51.45000076293945,59.62900161743164,2.236020886519732,1.1245940351207693
2020-12-21,50.66999816894531,59.0,1.9751561634079806,0.9840752828141692
2020-12-22,50.380001068115234,59.1150016784668,1.5902440021827786,0.7848436006305131
2020-12-23,50.79999923706055,58.893001556396484,2.1934669316268014,1.1087169980776672
2020-12-24,50.68000030517578,58.849998474121094,2.1089600047785027,1.0582159710703594
2020-12-28,51.0,59.119998931884766,2.206118519395517,1.1118051858523608
2020-12-29,51.34000015258789,58.60200119018555,2.9736410142083045,1.559750485041156
2020-12-30,51.689998626708984,59.775001525878906,2.3555197252949824,1.1769178013851747
2020-12-31,51.810001373291016,59.790000915527344,2.4631429310446364,1.2281047983878206
2021-01-04,51.97999954223633,59.81999969482422,2.6083820183252016,1.294062534957635
2021-01-05,52.47999954223633,60.599998474121094,2.464620707776497,1.1845361055467285
2021-01-06,52.95000076293945,60.84000015258789,2.736539829937179,1.3335193850445135
2021-01-07,53.970001220703125,63.459999084472656,1.5941600496872042,0.5911053775347708
2021-01-08,55.83000183105469,63.439998626708984,3.4706677639513117,1.7584611163130563
2021-01-11,55.58000183105469,64.55000305175781,2.30454081304962,0.9917197105817694
2021-01-12,56.349998474121094,65.05799865722656,2.655270240051479,1.1931029791965047
2021-01-13,55.900001525878906,64.83300018310547,2.3909727011112167,1.0031234429268865
2021-01-14,56.41999816894531,66.34400177001953,1.6638848773149775,0.5201025482322922
2021-01-15,54.540000915527344,65.13800048828125,0.7792442658075345,-0.06630458825004408
2021-01-19,56.36000061035156,67.20700073242188,0.8916229437191063,-0.00726933832992224
2021-01-20,57.709999084472656,66.5999984741211,2.7426024189412317,1.191195560285244
2021-01-21,58.150001525878906,67.08300018310547,2.7839660144593736,1.1935424255864455
2021-01-22,57.90999984741211,66.67500305175781,2.8806991809025178,1.2309442014764511
2021-01-25,57.7400016784668,68.0,1.6171329263220784,0.39576258945399495
2021-01-26,57.720001220703125,66.5,2.8351369263263067,1.1683669498349716
2021-01-27,55.54999923706055,61.69499969482422,4.630876140939549,2.2809488151344284
2021-01-28,55.70000076293945,62.358001708984375,4.233678034125539,1.9641492717123268
2021-01-29,54.0,61.18000030517578,3.5059245973006767,1.4663732805500451
2021-02-01,55.25,63.650001525878906,2.7173429160189286,0.955891623563056
2021-02-02,56.630001068115234,64.33999633789062,3.52786621539601,1.432596554702719
2021-02-03,57.72999954223633,62.459999084472656,6.179494676399003,2.9149392344912353
2021-02-04,57.689998626708984,62.9900016784668,5.702063378209459,2.519714388745337
2021-02-05,58.34000015258789,62.814998626708984,6.496501276221139,2.823836127757376
2021-02-08,58.61000061035156,64.55000305175781,5.334539592346495,2.11297582939291
2021-02-09,59.099998474121094,64.52999877929688,5.841047708436719,2.2992045389538776
2021-02-10,58.470001220703125,64.4749984741211,5.2564442036762244,1.9374627573267003
2021-02-11,58.939998626708984,67.12999725341797,3.5351747269235148,1.0415827876950772
2021-02-12,59.0,68.2300033569336,2.6873011270650338,0.6004445008088353
2021-02-16,58.25,69.75,0.6827927137927361,-0.4238987861399748
2021-02-17,58.16999816894531,67.18000030517578,2.723904935174396,0.6072971644124142
2021-02-18,57.529998779296875,66.50499725341797,2.6410100702480293,0.5527384344264749
2021-02-19,57.689998626708984,68.37999725341797,1.253504345450267,-0.16677765071607956
2021-02-22,56.4900016784668,65.80999755859375,2.1746214496444267,0.293885572392215
2021-02-23,55.84000015258789,65.55000305175781,1.7392028294042206,0.05615654629967058
2021-02-24,56.29999923706055,67.83999633789062,0.3091873162162244,-0.6918794072844638
2021-02-25,54.459999084472656,63.630001068115234,1.943849104404137,0.14822343536641205
2021-02-26,54.400001525878906,65.4749984741211,0.36110820367341034,-0.6875951975615078
2021-03-01,55.79999923706055,67.64900207519531,-0.03317818470051748,-0.8999105999619839
2021-03-02,55.400001525878906,65.41600036621094,1.4098014840685025,-0.14812689360697345
2021-03-03,55.79999923706055,63.540000915527344,3.3581296503944245,0.8699436321479316
2021-03-04,54.29999923706055,59.56999969482422,5.134715789444066,1.771807389722942
2021-03-05,55.29999923706055,61.36600112915039,4.652410601541845,1.493084190406637
2021-03-08,54.83000183105469,58.040000915527344,6.927481922870861,2.61470192807853
2021-03-09,56.7599983215332,61.35499954223633,6.121489695109254,2.1479812260495224
2021-03-10,56.70000076293945,60.231998443603516,6.988345713972613,2.5213490018684204
2021-03-11,57.060001373291016,62.85499954223633,5.1834882890991665,1.569994685566631
2021-03-12,56.939998626708984,62.47999954223633,5.372986656959107,1.645881984301323
2021-03-15,57.08000183105469,63.529998779296875,4.646387370548915,1.2477065799318718
2021-03-16,57.380001068115234,64.33000183105469,4.286115044740065,1.0376307322359306
2021-03-17,58.63999938964844,64.96299743652344,5.0236791120614015,1.4093031553776727
2021-03-18,57.790000915527344,62.0880012512207,6.546519366920627,2.1684154643302467
2021-03-19,58.560001373291016,63.05500030517578,6.518420398381814,2.092946042384643
2021-03-22,58.689998626708984,64.17500305175781,5.724038723145888,1.63621436972669
2021-03-23,56.560001373291016,61.5,5.801818604807188,1.6402830055045259
2021-03-24,55.0,60.810001373291016,4.811298148662473,1.1007951442108523
2021-03-25,55.849998474121094,60.83599853515625,5.639840221264585,1.512899624759184
2021-03-26,56.29999923706055,63.92100143432617,3.5436760899378683,0.3846113144056498
2021-03-29,56.20000076293945,62.61399841308594,4.522394660224457,0.8937133499998201
2021-03-30,57.43000030517578,62.62300109863281,5.744963959234845,1.5180908875199082
2021-03-31,57.650001525878906,64.63999938964844,4.300263262879582,0.7279534029295598
2021-04-01,58.0099983215332,67.12000274658203,2.6134232510917883,-0.20971474260681341
2021-04-05,59.45000076293945,69.25,2.295461629321487,-0.4208123570078199
2021-04-06,58.86000061035156,68.23500061035156,2.543177322744569,-0.2942164858298822
2021-04-07,58.5099983215332,68.07499694824219,2.3252318652266055,-0.4172748020871073
2021-04-08,58.279998779296875,68.57099914550781,1.6858637021386045,-0.796017551053829
2021-04-09,58.060001373291016,68.1780014038086,1.7902216002103088,-0.7440118596070654
2021-04-12,57.810001373291016,67.61000061035156,2.009013276420646,-0.6201080899301938
2021-04-13,58.599998474121094,66.95999908447266,3.335480234980075,0.14620169282567744
2021-04-14,58.470001220703125,66.62000274658203,3.486094302851008,0.2268339286374475
2021-04-15,58.689998626708984,67.08000183105469,3.326437764092667,0.13165916708455908
2021-04-16,59.38999938964844,66.87999725341797,4.191509566157613,0.6283220130839731
2021-04-19,59.189998626708984,64.92500305175781,5.605036494261938,1.4287228901829947
2021-04-20,57.869998931884766,63.90999984741211,5.1227557938568395,1.1326395216982754
2021-04-21,57.86000061035156,65.95999908447266,3.420818676389139,0.15573291423003358
2021-04-22,57.2599983215332,64.44000244140625,4.0753248008430845,0.5345894928131573
2021-04-23,57.77000045776367,66.06500244140625,3.244155441158327,0.051908555314151165
2021-04-26,57.52000045776367,67.16000366210938,2.0904111794971527,-0.6283173969529655
2021-04-27,57.63999938964844,66.30000305175781,2.9201998375808174,-0.15340875530379602
2021-04-28,57.25,65.55999755859375,3.140953847472275,-0.03405527786183327
2021-04-29,56.310001373291016,65.26000213623047,2.448552334227095,-0.4504881220376088
2021-04-30,55.56999969482422,63.323001861572266,3.3072273055766317,0.04617448957719924
2021-05-03,56.2400016784668,62.40999984741211,4.730762998206771,0.8788426382943759
2021-05-04,55.099998474121094,61.27000045776367,4.531642678019367,0.7430633621211448
2021-05-05,55.880001068115234,61.84000015258789,4.841203829934358,0.9133744762672041
2021-05-06,56.20000076293945,62.029998779296875,5.004390760201574,0.9923385431368382
2021-05-07,56.33000183105469,62.93000030517578,4.391587894292812,0.6075603541967473
2021-05-10,55.869998931884766,60.0,6.349820621168838,1.7497701404726946
2021-05-11,54.959999084472656,60.05699920654297,5.392777259230442,1.1509507337115805
2021-05-12,53.56999969482422,57.16999816894531,6.385524638999634,1.6993541670545496
2021-05-13,54.0,58.369998931884766,5.825120748279467,1.3386117534155895
2021-05-14,55.400001525878906,59.959999084472656,5.912837422988076,1.3596918273775265
2021-05-17,55.400001525878906,59.650001525878906,6.1686896626122305,1.4746321926590835
2021-05-18,56.11000061035156,59.361000061035156,7.117212148270227,1.9668206118501537
2021-05-19,55.439998626708984,60.231998443603516,5.7283435777421445,1.1482186401406242
2021-05-20,56.630001068115234,61.939998626708984,5.508671458779759,1.0026367887426333
2021-05-21,56.93000030517578,61.689998626708984,6.015004772134951,1.2641783445052093
2021-05-24,57.5,63.119998931884766,5.404773298681128,0.9012119897228908
2021-05-25,57.29999923706055,63.16999816894531,5.1635063501643685,0.7492415169381573
2021-05-26,58.16999816894531,63.41999816894531,5.827171205754489,1.102539009960811
2021-05-27,59.029998779296875,64.23999786376953,6.01039629773225,1.1813626726848343
2021-05-28,59.25,64.33499908447266,6.151989561952803,1.2346736578612678
2021-06-01,60.279998779296875,64.2300033569336,7.268645127076304,1.8073814099242183
2021-06-02,61.400001525878906,64.07499694824219,8.516580290286704,2.405086591229613
2021-06-03,61.630001068115234,63.70000076293945,9.056077798556863,2.575583163385033
2021-06-04,62.79999923706055,64.88999938964844,9.243926897766578,2.5593390560033464
2021-06-07,62.61000061035156,64.41500091552734,9.445961756654164,2.5465747925069646
2021-06-08,62.16999816894531,64.36000061035156,9.051353063905388,2.268351710960119
2021-06-09,61.970001220703125,64.01000213623047,9.140222563112452,2.2349296644262604
2021-06-10,61.93000030517578,64.81999969482422,8.431701255371657,1.8597523038724524
2021-06-11,61.900001525878906,65.10800170898438,8.164003957823844,1.6993513208943931
2021-06-14,62.0099983215332,66.2699966430664,7.3149641479466325,1.2734323685691524
2021-06-15,61.63999938964844,65.88700103759766,7.261065393979081,1.2223898143955307
2021-06-16,61.27000045776367,65.52999877929688,7.1857133869007015,1.1631719532908333
2021-06-17,61.20000076293945,66.0199966430664,6.711300665647528,0.9251363035773804
2021-06-18,59.849998474121094,64.31500244140625,6.768491991578301,0.9330258559455922
2021-06-21,61.290000915527344,64.5999984741211,7.973276860353117,1.4628706126511402
2021-06-22,60.91999816894531,65.11000061035156,7.182350835021438,1.0785310414841025
2021-06-23,61.400001525878906,65.51000213623047,7.3322184105203405,1.12450363859068
2021-06-24,61.7400016784668,66.47000122070312,6.879896465754726,0.8997945553687077
2021-06-25,61.63999938964844,66.44999694824219,6.796404429257066,0.845360181278039
2021-06-28,61.349998474121094,67.80000305175781,5.392194464285581,0.20893950194471494
2021-06-29,61.599998474121094,68.37000274658203,5.171753022206431,0.11076364703629644
2021-06-30,60.560001373291016,68.47000122070312,4.049223550221747,-0.39164324061926037
2021-07-01,60.459999084472656,67.22000122070312,4.980891642876635,0.03643259803046049
2021-07-02,60.40999984741211,67.25,4.906133324151341,0.006493442442388704
2021-07-06,59.369998931884766,67.08000183105469,4.006438069268448,-0.3997921967182544
2021-07-07,59.27000045776367,65.96299743652344,4.828343874998033,-0.029388154464033336
2021-07-08,58.29999923706055,64.95999908447266,4.686153608276726,-0.10434036172617506
2021-07-09,59.970001220703125,66.20999908447266,5.324485210446056,0.1720059311016209
2021-07-12,60.7400016784668,67.12000274658203,5.343426608025382,0.16952767938501703
2021-07-13,60.099998474121094,66.74500274658203,5.01292451812165,0.002003772380770088
2021-07-14,60.040000915527344,66.27999877929688,5.336711615780423,0.1389503387767614
2021-07-15,59.02000045776367,65.11399841308594,5.27905359210218,0.09698762001615757
2021-07-16,58.279998779296875,63.439998626708984,5.920664712193499,0.3952070366528429
2021-07-19,57.20000076293945,63.18000030517578,5.055252749882932,-0.05846141176948021
2021-07-20,57.63999938964844,64.5,4.405807705628817,-0.40761328105767486
2021-07-21,58.869998931884766,66.5,3.9851346375079473,-0.6637904969231462
2021-07-22,58.689998626708984,65.61000061035156,4.539683140195812,-0.4090642663236415
2021-07-23,59.209999084472656,65.96700286865234,4.765036673153105,-0.30979743542996874
2021-07-26,58.83000183105469,66.1500015258789,4.234003984127121,-0.6193451682943599
2021-07-27,58.16999816894531,64.53500366210938,4.906916691772615,-0.23379275024186447
2021-07-28,59.720001220703125,66.125,5.144638040768278,-0.10097441533869463
2021-07-29,60.880001068115234,66.81999969482422,5.731029407953912,0.24178247667312444
2021-07-30,60.79999923706055,67.6520004272461,4.9643471664962675,-0.19145720738120758
2021-08-02,61.790000915527344,68.33300018310547,5.392295022634563,0.06366839741006754
2021-08-03,61.11000061035156,68.37000274658203,4.6817551584369,-0.3430791702398678
2021-08-04,61.619998931884766,69.55999755859375,4.209607558642645,-0.6074131370472571
2021-08-05,61.66999816894531,69.25,4.515459035327346,-0.43054709470247066
2021-08-06,61.060001373291016,69.84500122070312,3.414386130601173,-1.0545680508362565
2021-08-09,60.720001220703125,69.69999694824219,3.194063268481308,-1.1623137407090298
2021-08-10,60.63999938964844,68.5459976196289,4.066498979482887,-0.6522566704711795
2021-08-11,61.45000076293945,68.33699798583984,5.048995338309048,-0.0847546174904404
2021-08-12,61.9900016784668,67.0250015258789,6.671834564507954,0.8337754459905141
2021-08-13,61.13999938964844,67.07499694824219,5.780569238520442,0.32663310126506007
2021-08-16,59.63999938964844,66.93699645996094,4.394466051631333,-0.4595700218377705
2021-08-17,58.20000076293945,65.5469970703125,4.101684385375293,-0.6163303099012863
2021-08-18,58.38999938964844,65.0,4.743139553039519,-0.25999278184942315
2021-08-19,57.540000915527344,65.08000183105469,3.827112663268224,-0.7764842638648981
2021-08-20,56.41999816894531,65.29000091552734,2.5337900482166447,-1.4778866513519204
2021-08-23,57.0,67.15699768066406,1.572891667352991,-1.9657235570388696
2021-08-24,58.22999954223633,67.26499938964844,2.7137534781431825,-1.337336237441759
2021-08-25,58.29999923706055,67.74700164794922,2.385939210013696,-1.5201729967179427
2021-08-26,57.36000061035156,67.73799896240234,1.4533708265306515,-2.008822766266651
2021-08-27,58.61000061035156,69.4469985961914,1.292871383227613,-2.0697268707654324
2021-08-30,59.0,69.42500305175781,1.7010244942492605,-1.8489870276493334
2021-08-31,59.470001220703125,69.0,2.521796163379811,-1.4173854798329313
2021-09-01,59.36000061035156,68.8550033569336,2.5314665466799724,-1.4213399489298566
2021-09-02,59.290000915527344,69.01100158691406,2.3327158491092703,-1.5142292818795997
2021-09-03,59.099998474121094,69.55999755859375,1.6896071008789733,-1.8297240750359045
2021-09-07,59.810001373291016,69.01000213623047,2.853541189807352,-1.1990832772823108
2021-09-08,59.470001220703125,67.98200225830078,3.361986658193999,-0.9195674334332377
2021-09-09,59.34000015258789,69.06999969482422,2.334021805774725,-1.435900968842226
2021-09-10,58.709999084472656,69.75,1.1427917982653923,-2.0018812857136172
2021-09-13,59.459999084472656,70.35800170898438,1.390985914229951,-1.8370031010265755
2021-09-14,59.380001068115234,70.13300323486328,1.4966873071744544,-1.7441957552254574
2021-09-15,60.0,70.94999694824219,1.4423916663049354,-1.7416181198559026
2021-09-16,58.70000076293945,71.55000305175781,-0.3528143913158104,-2.5586055334044535
2021-09-17,59.0,70.29000091552734,0.9871103533783341,-1.874247521843229
2021-09-20,56.380001068115234,68.58499908447266,-0.22568866694101075,-2.3757467801572245
2021-09-21,57.33000183105469,69.27999877929688,0.15070361577196678,-2.151308907183952
2021-09-22,58.220001220703125,70.55000305175781,-0.007477628373536049,-2.1608186908084988
2021-09-23,58.38999938964844,71.36599731445312,-0.5109491492481055,-2.2983794503952755
2021-09-24,58.209999084472656,71.31500244140625,-0.6488615343203321,-2.2735910364996297
2021-09-27,59.099998474121094,71.43000030517578,0.14622594334112904,-1.8814964829808942
2021-09-28,58.63999938964844,68.66999816894531,1.9641568242699705,-1.1048708059687622
2021-09-29,58.709999084472656,67.94999694824219,2.628399666313385,-0.8198449530128467
2021-09-30,58.33000183105469,67.8479995727539,2.3325845499188276,-0.9236807844632888
2021-10-01,57.869998931884766,67.87799835205078,1.8478225690841583,-1.1024475302765544
2021-10-04,57.63999938964844,65.86499786376953,3.279225412168593,-0.504425399970309
2021-10-05,58.40999984741211,66.8499984741211,3.2362691055860395,-0.5115032026346107
2021-10-06,56.54999923706055,66.5199966430664,1.6486309871793239,-1.1396468656180767
2021-10-07,58.18000030517578,67.94499969482422,2.1025253016885372,-0.9359531273831815
2021-10-08,59.029998779296875,67.05000305175781,3.691196998345312,-0.27640329352866155
2021-10-11,59.5099983215332,66.58999633789062,4.550856782162128,0.0808431062191454
2021-10-12,60.599998474121094,64.85099792480469,7.076115459717812,1.105218133527913
2021-10-13,60.77000045776367,64.80000305175781,7.288205363463952,1.1808769877676215
2021-10-14,61.189998626708984,66.91699981689453,5.960969244196278,0.6384976172419503
2021-10-15,62.0,67.05400085449219,6.657898687310812,0.9118741582806925
2021-10-18,62.04999923706055,67.38999938964844,6.430586134820075,0.8161173590190315
2021-10-19,61.93000030517578,68.20800018310547,5.635461450430327,0.49709782761961585
2021-10-20,62.349998474121094,68.5,5.814461569387078,0.5712841333024021
2021-10-21,62.0,69.08999633789062,4.97751769768243,0.24371035479080488
2021-10-22,62.7400016784668,68.4000015258789,6.28699714488738,0.7948694086298986
2021-10-25,63.56999969482422,68.7040023803711,6.866092219227085,1.0567533525102217
2021-10-26,63.66999816894531,68.25,7.340795340505942,1.2799853949398674
2021-10-27,63.2400016784668,67.59600067138672,7.450568239494402,1.3552853762412118
2021-10-28,64.05999755859375,69.30999755859375,6.855940261646282,1.126318897069743
2021-10-29,63.709999084472656,69.87300109863281,6.0412745259868785,0.8005486551921805
2021-11-01,64.9000015258789,71.61499786376953,5.7935437936221135,0.712962658149218
2021-11-02,64.77999877929688,72.8499984741211,4.654250206399212,0.21734117662138414
2021-11-03,65.36000061035156,73.71600341796875,4.519506716832275,0.17006064088568693
2021-11-04,66.72000122070312,74.66000366210938,5.100389653597119,0.4541828546854511
2021-11-05,66.29000091552734,76.54000091552734,3.118759361539439,-0.4601502732894148
2021-11-08,66.22000122070312,76.87999725341797,2.7681483454263187,-0.6110883127809719
2021-11-09,65.08999633789062,76.91999816894531,1.6051292547887144,-1.142454835901026
2021-11-10,63.90999984741211,75.0999984741211,1.927244587862596,-0.9732996690360661
2021-11-11,64.87999725341797,76.25700378417969,1.942323506192679,-0.9483136048906664
2021-11-12,65.55000305175781,77.0270004272461,1.976823120144168,-0.9147696564100343
2021-11-15,65.27999877929688,77.03900146484375,1.6969139556540753,-1.033477828922842
2021-11-16,65.9000015258789,78.3949966430664,1.1977646520018226,-1.257429454114478
2021-11-17,66.2300033569336,78.37000274658203,1.548394853232935,-1.0614941241253322
2021-11-18,65.33999633789062,78.94999694824219,0.17969756276676208,-1.6953480013747184
2021-11-19,65.73999786376953,79.13999938964844,0.4228831756805249,-1.5396867300249062
2021-11-22,66.33000183105469,77.87999725341797,2.0528126505992788,-0.7355152075224752
2021-11-23,65.5999984741211,77.31999969482422,1.7849956095844846,-0.8487649147263591
2021-11-24,65.41000366210938,77.95099639892578,1.074216309229712,-1.1702719508575745
2021-11-26,62.40999984741211,75.73999786376953,-0.10097014370639812,-1.6892914857952865
2021-11-29,62.97999954223633,78.50599670410156,-1.8138497118901142,-2.400975910401059
2021-11-30,61.689998626708984,77.44599914550781,-2.2289961589093537,-2.485564925753027
2021-12-01,61.689998626708984,78.12999725341797,-2.7935246300410768,-2.616803515212737
2021-12-02,62.36000061035156,77.37000274658203,-1.4962715881704938,-1.9905813300757789
2021-12-03,61.099998474121094,77.2699966430664,-2.6737350564300684,-2.395549021239778
2021-12-06,61.61000061035156,77.74199676513672,-2.5532917569929623,-2.2613673314435854
2021-12-07,63.47999954223633,81.37999725341797,-3.6858667063441715,-2.60613994861829
2021-12-08,63.380001068115234,81.41999816894531,-3.8188793882903695,-2.544678566384837
2021-12-09,62.54999923706055,79.86000061035156,-3.361358598247662,-2.2811622829947957
2021-12-10,63.470001220703125,79.9800033569336,-2.5403992380803686,-1.9157786938955785
2021-12-13,61.459999084472656,79.0,-3.7415690246366466,-2.268933500217874
2021-12-14,61.150001525878906,78.19000244140625,-3.3830461910169447,-2.0712254760233133
2021-12-15,61.63999938964844,79.69999694824219,-4.139301614359368,-2.250733415158883
2021-12-16,61.540000915527344,77.0,-2.0108945832247613,-1.48743494793849
2021-12-17,60.900001525878906,77.01000213623047,-2.6591490990335487,-1.6645774084433784
2021-12-20,58.72999954223633,76.36000061035156,-4.292681224946776,-2.1428739507948475
2021-12-21,59.459999084472656,78.55999755859375,-5.378419035376851,-2.4038718955627325
2021-12-22,60.349998474121094,79.01799774169922,-4.8664238246238085,-2.1651633370362893
2021-12-23,60.70000076293945,79.86000061035156,-5.211357072368756,-2.1951752946715373
2021-12-27,60.459999084472656,82.13999938964844,-7.33312451915215,-2.714738576916859
2021-12-28,59.97999954223633,81.56999969482422,-7.342682619309329,-2.5971645420992373
2021-12-29,59.869998931884766,81.95999908447266,-7.774563884935233,-2.598651190747652
2021-12-30,59.84000015258789,80.83100128173828,-6.872759789168569,-2.2602472185247664
2021-12-31,59.81999969482422,81.11499786376953,-7.127152936629258,-2.24492419223073
2022-01-03,61.2400016784668,82.4260025024414,-6.7891706775401275,-2.0864795702208085
2022-01-04,63.959999084472656,81.80999755859375,-3.5607620272073035,-1.2212587541385136
2022-01-05,62.779998779296875,78.9800033569336,-2.4050653743080233,-0.9007795539336642
2022-01-06,63.2599983215332,79.38999938964844,-2.2634504428504556,-0.8464220031224307
2022-01-07,63.150001525878906,77.33000183105469,-0.6732564648180457,-0.4175021276067158
2022-01-10,62.31999969482422,76.87999725341797,-1.1318531804525875,-0.5247368703297978
2022-01-11,63.380001068115234,78.0,-0.9962307358154732,-0.4771112757116894
2022-01-12,64.0,78.76000213623047,-1.0034891589750004,-0.4696411594730598
2022-01-13,64.5,77.33999633789062,0.6684931799589933,-0.024643655565651547
2022-01-14,64.58999633789062,77.53700256347656,0.5958931275273329,-0.038311057838852934
2022-01-18,62.61000061035156,74.80999755859375,0.8665936349217986,0.03752730590999338
2022-01-19,61.9900016784668,72.41999816894531,2.2191479686685796,0.39422082793126656
2022-01-20,60.40999984741211,70.22899627685547,2.447459543870643,0.4512962951692592
2022-01-21,59.560001373291016,68.73500061035156,2.8305099330947243,0.5491417299319907
2022-01-24,58.16999816894531,69.25499725341797,1.0113346206553189,0.07173689025718932
2022-01-25,58.06999969482422,67.80500030517578,2.108071270316678,0.3636208846516192
2022-01-26,57.720001220703125,68.24600219726562,1.3940979240013789,0.17697945149325595
2022-01-27,56.13999938964844,65.49299621582031,2.0862518778073493,0.3594273551159362
2022-01-28,56.709999084472656,66.41100311279297,1.8985871521556845,0.3125416496810321
2022-01-31,59.22999954223633,69.87000274658203,1.5637496325537654,0.22893185460519802
2022-02-01,59.7400016784668,70.95800018310547,1.1757879844801948,0.1288932619231114
2022-02-02,60.5099983215332,72.4020004272461,0.7539988013705781,0.017596819507563997
2022-02-03,58.84000015258789,68.97000122070312,1.9165541769293242,0.3257191645563296
2022-02-04,59.150001525878906,69.7300033569336,1.5992981951760399,0.2409620713401259
2022-02-07,58.77000045776367,69.7750015258789,1.1821585045636809,0.13061433026012814
2022-02-08,59.599998474121094,71.23500061035156,0.807166270978307,0.027690373504014165
2022-02-09,61.220001220703125,73.56700134277344,0.5024841493894812,-0.05217652676434843
2022-02-10,59.959999084472656,71.552001953125,0.9055341643485875,0.05218613418174125
2022-02-11,58.439998626708984,68.4800033569336,1.9209656774793729,0.3179017860246656
2022-02-14,57.65999984741211,68.41999816894531,1.1904913583282877,0.12017006816221355
2022-02-15,60.130001068115234,72.0199966430664,0.6892831397517156,-0.01654521365205738
2022-02-16,60.33000183105469,72.86499786376953,0.19187371732464698,-0.15144769752088705
2022-02-17,58.709999084472656,70.08999633789062,0.8621804769764907,0.025405670370338678
2022-02-18,58.02000045776367,69.30000305175781,0.8241919901602586,0.018323440906243226
2022-02-22,56.689998626708984,68.52999877929688,0.12970264031021372,-0.16052141708491469
2022-02-23,55.630001068115234,66.93499755859375,0.38611749596693556,-0.08689469033133884
2022-02-24,56.36000061035156,69.36900329589844,-0.8927562638072928,-0.42135652716241606
2022-02-25,57.439998626708984,70.69499969482422,-0.9071512160194075,-0.4146705745940194
2022-02-28,57.2400016784668,70.27999877929688,-0.7646328419945192,-0.36645857284462496
2022-03-01,55.75,67.5510025024414,-0.0022948164752705225,-0.15762548473157983
2022-03-02,56.619998931884766,70.11299896240234,-1.2468045767353146,-0.48232834113883777
2022-03-03,55.43000030517578,68.52999877929688,-1.1302956812229894,-0.43931431818005046
2022-03-04,54.11000061035156,66.94999694824219,-1.1462625026291065,-0.4304926932508697
2022-03-07,52.279998779296875,63.93000030517578,-0.48375146264359614,-0.23482236827177067
2022-03-08,52.58000183105469,65.6780014038086,-1.6264371790795238,-0.5334108123186551
2022-03-09,54.06999969482422,67.15499877929688,-1.355458871953978,-0.4425043284207599
2022-03-10,53.0099983215332,65.62999725341797,-1.1568211204843735,-0.3702888442346274
2022-03-11,51.04999923706055,64.54399871826172,-2.2205061865217957,-0.6610691814334639
2022-03-14,50.130001068115234,62.290000915527344,-1.2801981370776403,-0.3712076712955173
2022-03-15,51.77000045776367,65.00199890136719,-1.8785091447140587,-0.5328226867579158
2022-03-16,54.68000030517578,68.26000213623047,-1.6574576494239324,-0.45153527085174916
2022-03-17,55.060001373291016,68.6449966430664,-1.5952065250947314,-0.41662019919420606
2022-03-18,56.34000015258789,69.97100067138672,-1.409607011183681,-0.3420206982015657
2022-03-21,55.869998931884766,69.4000015258789,-1.4083419068732468,-0.3236365203175777
2022-03-22,56.970001220703125,70.27999877929688,-1.034633299758191,-0.18000464457499984
2022-03-23,56.25,68.50499725341797,-0.28966131940604356,0.09925451970464463
2022-03-24,57.939998626708984,71.56999969482422,-1.1293204830506767,-0.17380600923262712
2022-03-25,57.40999984741211,71.5199966430664,-1.6180499283621046,-0.3317441440253001
2022-03-28,57.880001068115234,70.83200073242188,-0.5802207047896388,0.07225416656151243
2022-03-29,59.52000045776367,73.76200103759766,-1.3584569411871499,-0.20301125686964322
2022-03-30,58.650001525878906,71.49500274658203,-0.3574198797188828,0.2086360800067831
2022-03-31,57.97999954223633,70.4000015258789,-0.12367760170028674,0.31775913925746535
2022-04-01,57.7599983215332,68.7979965209961,0.9785140692041949,0.7722795384664103
2022-04-04,58.709999084472656,69.79000091552734,1.109777590440288,0.8287889711548184
2022-04-05,56.95000076293945,66.33499908447266,2.201317714535058,1.2671814047517052
2022-04-06,55.16999816894531,64.94499969482422,1.5685320809938688,1.014937765864843
2022-04-07,55.029998779296875,64.72000122070312,1.6142321006473566,1.03658372571599
2022-04-08,54.2599983215332,63.382999420166016,1.9477077689561142,1.169284437102688
2022-04-11,52.95000076293945,62.2599983215332,1.5645637878194734,1.0113799808609787
2022-04-12,52.720001220703125,62.40299987792969,1.2165398693920864,0.8732387382576255
2022-04-13,53.95000076293945,63.553001403808594,1.4974014013097658,0.9777431931184228
2022-04-14,52.900001525878906,61.79999923706055,1.894218495523127,1.1260671938378892
2022-04-18,52.810001373291016,62.65999984741211,1.0944286167363444,0.8124105240211386
2022-04-19,54.060001373291016,64.375,0.9289767274187213,0.7516731736186241
2022-04-20,53.18000030517578,64.30999755859375,0.10262453412130412,0.4229615762303765
2022-04-21,52.47999954223633,62.7599983215332,0.6818944145270507,0.6532272607196548
2022-04-22,51.380001068115234,60.7400016784668,1.2490725062675594,0.8672775622479844
2022-04-25,52.0,62.0099983215332,0.8208971011746726,0.6818774876574173
2022-04-26,49.599998474121094,59.5,0.4924883159944642,0.5373277327219239
2022-04-27,49.619998931884766,59.060001373291016,0.8756356146097914,0.6808419591916705
2022-04-28,51.61000061035156,62.61000061035156,-0.06430596062580918,0.29292040338201014
2022-04-29,50.15999984741211,60.68000030517578,0.07859259730208379,0.3406108301971408
2022-05-02,51.25,61.540000915527344,0.4588030236910754,0.4803599157194609
2022-05-03,51.56999969482422,62.91999816894531,-0.3601591157773072,0.13447565206303508
2022-05-04,53.34000015258789,64.80000305175781,-0.14179494171182938,0.21201741009205696
2022-05-05,50.66999816894531,61.9900016784668,-0.49260077437561023,0.05914876412713594
2022-05-06,50.33000183105469,60.959999084472656,0.01750142298526214,0.25660808653635986
2022-05-09,47.709999084472656,58.040000915527344,-0.1925208237111704,0.15681854714987745
2022-05-10,48.08000183105469,59.459999084472656,-0.9944941192468448,-0.19519393920818812
2022-05-11,47.040000915527344,58.900001525878906,-1.572308718855382,-0.44280096660805607
2022-05-12,46.77000045776367,58.099998474121094,-1.1820376137496567,-0.2843020764531497
2022-05-13,49.150001525878906,61.25,-1.4018471663102687,-0.39535649503988196
2022-05-16,48.72999954223633,60.130001068115234,-0.8974733697071002,-0.20143267020326547
2022-05-17,50.540000915527344,62.7400016784668,-1.241600256677529,-0.37675017205741446
2022-05-18,48.66999816894531,59.720001220703125,-0.619086983811215,-0.11980355072822459
2022-05-19,49.18000030517578,59.2400016784668,0.2870762010960064,0.2785163050365245
2022-05-20,48.79999923706055,59.70000076293945,-0.4725788117834284,-0.1342439412286225
2022-05-23,49.400001525878906,59.31999969482422,0.44105215455707736,0.3253547160358559
2022-05-24,48.15999984741211,57.959999084472656,0.3235083548784772,0.2361253724241948
2022-05-25,49.18000030517578,59.02000045776367,0.4686511957259043,0.30993975632331666
2022-05-26,50.209999084472656,60.88999938964844,-0.04472803410691739,-0.09874268640292713
2022-05-27,51.70000076293945,63.9900016784668,-1.1132707907386674,-0.9813403864198831
2022-05-31,51.81999969482422,63.34000015258789,-0.45680200112455793,-0.4786989638786378
2022-06-01,51.58000183105469,62.63999938964844,-0.11906382158743867,-0.22359762053964932
2022-06-02,52.970001220703125,64.81999969482422,-0.5282978291009996,-0.5676635211554837
2022-06-03,51.75,62.84000015258789,-0.1141335433594719,-0.2306738577469778
2022-06-06,51.630001068115234,62.9900016784668,-0.3579341803842908,-0.44305932993406827
2022-06-07,52.29999923706055,63.43000030517578,-0.05108285229062659,-0.19263872314736608
2022-06-08,51.20000076293945,62.099998474121094,-0.05338252928827103,-0.18859470567101533
2022-06-09,50.27000045776367,60.09000015258789,0.6755417536453479,0.4302335486039307
2022-06-10,48.90999984741211,58.279998779296875,0.8094009890939802,0.544627788235617
2022-06-13,46.0099983215332,55.16999816894531,0.47619587606581604,0.2804708888586932
2022-06-14,46.869998931884766,55.2400016784668,1.2784200485193864,0.9982421305831933
2022-06-15,47.380001068115234,56.040000915527344,1.1281537702886055,0.9037946723324832
2022-06-16,45.18000030517578,52.900001525878906,1.519708501864649,1.2452658062675634
2022-06-17,45.7599983215332,52.72999954223633,2.2400153272746692,1.8843270580559306
2022-06-21,47.0,54.119998931884766,2.332800045288515,1.933662301442557
2022-06-22,46.5,53.540000915527344,2.3114934651198666,1.9059816240273106
2022-06-23,46.33000183105469,53.369998931884766,2.2818041052271525,1.8657392166442763
2022-06-24,47.630001068115234,55.959999084472656,1.4441821859388,1.1370347485080525
2022-06-27,47.540000915527344,55.88999938964844,1.411955322840761,1.1044929672730819
2022-06-28,46.790000915527344,54.40999984741211,1.883452676696109,1.4908450121484225
2022-06-29,45.709999084472656,53.0099983215332,1.9589229322547155,1.5547630269815829
2022-06-30,45.150001525878906,53.130001068115234,1.2998827501856738,0.9914960429857811
2022-07-01,44.43000030517578,50.959999084472656,2.370862948892345,1.8810075049516237
2022-07-05,44.59000015258789,51.2599983215332,2.2832625344325024,1.7675517182471676
2022-07-06,44.310001373291016,51.79999923706055,1.5575813947212254,1.1413136481305097
2022-07-07,46.400001525878906,54.099998474121094,1.7493086750799733,1.285820509774285
2022-07-08,46.65999984741211,53.880001068115234,2.190878842834927,1.6443282584304144
2022-07-11,44.91999816894531,52.779998779296875,1.358748989109472,0.9535480880821107
2022-07-12,44.95000076293945,53.400001525878906,0.8770408070390161,0.5536880457577529
2022-07-13,45.060001373291016,53.529998779296875,0.8797499645712321,0.5493989362072675
2022-07-14,45.11000061035156,54.470001220703125,0.1539310597826784,-0.04298895206223793
2022-07-15,46.060001373291016,55.90999984741211,-0.08455132330811921,-0.232557755569546
2022-07-18,45.88999938964844,55.400001525878906,0.16636682339080267,-0.025555285870481212
2022-07-19,47.650001525878906,57.65999984741211,0.061110295217225996,-0.10983977621530536
2022-07-20,48.06999969482422,59.34000015258789,-0.9054567804101623,-0.9082744634278704
2022-07-21,49.220001220703125,60.0,-0.30017709001280224,-0.4146157866853766
2022-07-22,47.88999938964844,58.72999954223633,-0.5820014356816898,-0.6504702462670829
2022-07-25,48.34000015258789,57.91999816894531,0.5365228678793557,0.2732280074971483
2022-07-26,46.97999954223633,57.650001525878906,-0.6006397106731498,-0.6790822481460737
2022-07-27,49.09000015258789,59.63999938964844,-0.13305658451843527,-0.29925058496012114
2022-07-28,49.77000045776367,60.900001525878906,-0.4929817869762516,-0.6096617838083828
2022-07-29,49.90999984741211,61.38999938964844,-0.757395423756769,-0.8288892946067494
2022-08-01,50.5,61.189998626708984,-0.0023273804515255847,-0.2096243936289076
2022-08-02,50.13999938964844,61.349998474121094,-0.4943816736953366,-0.6410159856742512
2022-08-03,51.2400016784668,62.88999938964844,-0.6653980504699746,-0.7954526297646985
2022-08-04,51.0,63.0,-0.9961872262517275,-1.1104851229645174
2022-08-05,50.709999084472656,62.58000183105469,-0.939548404839968,-1.067691406176886
2022-08-08,50.400001525878906,61.70000076293945,-0.5232491333222669,-0.7244938822358366
2022-08-09,49.18000030517578,58.58000183105469,0.8317980365775526,0.4725756362036111
2022-08-10,51.369998931884766,61.459999084472656,0.6448303712260355,0.28678451296813384
2022-08-11,50.900001525878906,61.380001068115234,0.24085823246223015,-0.10213515711967577
2022-08-12,52.150001525878906,62.970001220703125,0.17857338129193323,-0.1775702131049542
2022-08-15,52.25,63.29999923706055,0.006212511876327653,-0.35362799555682733
2022-08-16,51.790000915527344,62.70000076293945,0.041413951147568184,-0.3236666409459246
2022-08-17,51.0,60.529998779296875,1.0423944550300206,0.6184400311291206
2022-08-18,51.43000030517578,62.4900016784668,-0.14526679073443916,-0.5517890851496694
2022-08-19,49.95000076293945,61.209999084472656,-0.5688337214246246,-0.9682478454086447
2022-08-22,48.54999923706055,58.540000915527344,0.23481117628741544,-0.197121166956418
2022-08-23,48.83000183105469,59.470001220703125,-0.2527492454071876,-0.6853976350266604
2022-08-24,49.02000045776367,59.54999923706055,-0.12877588594025724,-0.5614800216030094
2022-08-25,50.290000915527344,61.709999084472656,-0.6415017214260317,-1.0530946223123987
2022-08-26,48.119998931884766,58.31999969482422,-0.013614134258460808,-0.41792585626822787
2022-08-29,48.04999923706055,57.119998931884766,0.9067903668132615,0.5198678978186613
2022-08-30,47.16999816894531,56.689998626708984,0.3816841617974802,0.000667308292447041
2022-08-31,46.68000030517578,55.29999923706055,1.0389032584809001,0.6801447283137897
2022-09-01,46.4900016784668,55.04999923706055,1.055238708066561,0.7137162784148611
2022-09-02,45.25,54.56999969482422,0.2113980782765168,-0.14766794122305846
2022-09-06,45.08000183105469,53.540000915527344,0.8914952961745541,0.5672910985573281
2022-09-07,46.209999084472656,54.66999816894531,1.088864791594574,0.7815240940955509
2022-09-08,46.02000045776367,55.33000183105469,0.35414118099588876,0.025641609572813393
2022-09-09,47.47999954223633,56.7400016784668,0.6504162011030488,0.3471142548877657
2022-09-12,47.72999954223633,56.95000076293945,0.7270963326335007,0.43173341417804734
2022-09-13,45.810001373291016,53.720001220703125,1.4729340516060816,1.2064381679113907
2022-09-14,45.90999984741211,54.540000915527344,0.8961570073533736,0.5907595476887727
2022-09-15,45.4900016784668,53.68000030517578,1.18594856460696,0.8995253856064163
2022-09-16,45.2599983215332,53.81999969482422,0.84039862869367,0.5323291140836536
2022-09-19,45.45000076293945,54.15999984741211,0.7497866004028708,0.4330328881037265
2022-09-20,45.02000045776367,53.29999923706055,1.0295760214259886,0.7274482976313069
2022-09-21,44.099998474121094,53.029998779296875,0.3324152179906079,-0.01559114230240756
2022-09-22,43.5,51.59000015258789,0.9208998898997649,0.598867067534703
2022-09-23,42.040000915527344,50.560001373291016,0.3109961922704585,-0.04561622139405626
2022-09-26,41.650001525878906,50.15999984741211,0.25113258405671957,-0.11583689883092319
2022-09-27,41.95000076293945,50.22999954223633,0.4933585316274147,0.13492712914687408
2022-09-28,42.36000061035156,51.20000076293945,0.10278115552567613,-0.28800861547847095
2022-09-29,40.720001220703125,49.560001373291016,-0.1836671973751649,-0.5911371669654796
2022-09-30,40.529998779296875,48.7599983215332,0.28660192408798224,-0.09474466515051988
2022-10-03,41.099998474121094,50.58000183105469,-0.6455133530483437,-1.0999393162672255
2022-10-04,42.91999816894531,52.68000030517578,-0.5587186397359218,-1.0354903744087176
2022-10-05,42.43000030517578,53.099998474121094,-1.3953562404445563,-1.9390487370114777
2022-10-06,42.5,53.0099983215332,-1.2510761522179408,-1.7892406740436024
2022-10-07,40.5,50.18000030517578,-0.9153760457347389,-1.4222505986921075
2022-10-10,39.939998626708984,48.220001220703125,0.1422809835063461,-0.2878601392538697
2022-10-11,39.41999816894531,46.86000061035156,0.7447384045308709,0.36712663682783125
2022-10-12,39.0,46.650001525878906,0.4980601040551065,0.08966827685919666
2022-10-13,40.2400016784668,47.880001068115234,0.7228985049612078,0.32858109451770307
2022-10-14,38.79999923706055,46.029998779296875,0.8097701171802498,0.4213963787287178
2022-10-17,39.86000061035156,47.11000061035156,0.9784067696424685,0.601761524621766
2022-10-18,39.97999954223633,46.849998474121094,1.3129949039822364,0.9616221906714663
2022-10-19,40.13999938964844,47.099998474121094,1.2666606750996934,0.893228901795313
2022-10-20,39.720001220703125,47.439998626708984,0.5660480364573317,0.09898806102787755
2022-10-21,41.04999923706055,49.189998626708984,0.45170751875220816,-0.04032678932664389
2022-10-24,40.61000061035156,49.540000915527344,-0.27716070381417524,-0.863357066906323
2022-10-25,41.869998931884766,50.56999969482422,0.13274223087567805,-0.4093535888841257
2022-10-26,41.33000183105469,50.2400016784668,-0.13489552641770075,-0.7136839357314765
2022-10-27,40.970001220703125,49.130001068115234,0.42122766572428816,-0.08997956718737805
2022-10-28,41.7400016784668,51.2599983215332,-0.5667359396885914,-1.2073684024712117
2022-10-31,41.290000915527344,49.77000045776367,0.2130126289795058,-0.3239550706249496
2022-11-01,41.470001220703125,50.439998626708984,-0.15996087907846857,-0.7373884822819532
2022-11-02,40.81999969482422,49.0,0.3785207410728759,-0.12076366682738833
2022-11-03,40.0,47.81999969482422,0.5324181382320603,0.05355394844433475
2022-11-04,41.790000915527344,50.33000183105469,0.2508231646525587,-0.2558676281808773
2022-11-07,42.18000030517578,51.38999938964844,-0.23403191420710812,-0.7933344745554703
2022-11-08,42.349998474121094,52.060001373291016,-0.6170107069036916,-1.2058673876625128
2022-11-09,41.209999084472656,50.40999984741211,-0.3952039336441828,-0.9390326390571089
2022-11-10,44.22999954223633,55.470001220703125,-1.5514063135111513,-2.235732232524529
2022-11-11,46.119998931884766,57.40999984741211,-1.2625582224822622,-1.8743247759168176
2022-11-14,45.20000076293945,56.630001068115234,-1.5387950808788773,-2.1587595997093927
2022-11-15,46.130001068115234,58.130001068115234,-1.8467992334709962,-2.428162290256823
2022-11-16,44.959999084472656,55.79999923706055,-1.0937661148115296,-1.529863488021411
2022-11-17,44.779998779296875,56.04999923706055,-1.4801004962819562,-1.9314291509857144
2022-11-18,44.84000015258789,56.65999984741211,-1.9235547728951943,-2.3731704129882303
2022-11-21,43.7599983215332,55.58000183105469,-2.1121950315292253,-2.487418291078562
2022-11-22,44.689998626708984,57.029998779296875,-2.378929850135897,-2.711439536082601
2022-11-23,45.36000061035156,57.65999984741211,-2.2288906203101178,-2.4916538031916713
2022-11-25,44.810001373291016,56.970001220703125,-2.209408940224364,-2.3909330821526815
2022-11-28,43.75,54.970001220703125,-1.6187377031581818,-1.7223334211942263
2022-11-29,44.119998931884766,55.279998779296875,-1.5045910108975704,-1.5860064024026839
2022-11-30,46.2599983215332,58.22999954223633,-1.7993343512076265,-1.8657717209670712
2022-12-01,46.5,57.97999954223633,-1.3529985964461773,-1.347647258148267
2022-12-02,45.93000030517578,57.0099983215332,-1.122421067756548,-1.0742748299971785
2022-12-05,45.06999969482422,56.720001220703125,-1.7430765423965084,-1.7061780877277057
2022-12-06,44.119998931884766,55.290000915527344,-1.5128461370579203,-1.4280294072235706
2022-12-07,44.209999084472656,55.13999938964844,-1.2990442793299763,-1.1771425744900208
2022-12-08,44.56999969482422,57.06999969482422,-2.53194298984576,-2.382746753160668
2022-12-09,44.459999084472656,56.5099983215332,-2.1797541358703754,-1.9727273550687665
2022-12-12,44.59000015258789,57.34000015258789,-2.7347837122892926,-2.4315430400992795
2022-12-13,44.95000076293945,58.06999969482422,-2.977278226909128,-2.5569752411546878
2022-12-14,44.77000045776367,57.68000030517578,-2.8353978768105605,-2.3307012570951655
2022-12-15,43.20000076293945,55.0,-2.193496021883483,-1.6993332547569784
2022-12-16,42.83000183105469,55.0,-2.5634949537682488,-1.9732931297192609
2022-12-19,42.060001373291016,54.290000915527344,-2.747507390473068,-2.070426304176628
2022-12-20,42.11000061035156,53.77000045776367,-2.268332896910671,-1.6188775541635207
2022-12-21,42.349998474121094,55.11000061035156,-3.1342858080167915,-2.275027650405544
2022-12-22,41.369998931884766,53.099998474121094,-2.455357613735572,-1.6662598195527143
2022-12-23,40.81999969482422,52.93000030517578,-2.865051190151668,-1.9476876395212264
2022-12-27,40.36000061035156,52.290000915527344,-2.796835543055323,-1.846749096278897
2022-12-28,39.599998474121094,51.439998626708984,-2.855299930839095,-1.8463572993699615
2022-12-29,40.939998626708984,53.290000915527344,-3.0421738318765037,-1.9348006491122782
2022-12-30,40.540000915527344,53.16999816894531,-3.3431289195828455,-2.096795869724389
2023-01-03,40.380001068115234,52.869998931884766,-3.255528505123003,-1.9696706839351448
2023-01-04,41.439998626708984,54.125,-3.2313288910826756,-1.8941454078571671
2023-01-05,41.0,53.2400016784668,-2.9409062730081814,-1.6394885148438343
2023-01-06,42.06999969482422,55.93000030517578,-4.091060105687461,-2.3710384533935924
2023-01-09,43.18000030517578,56.63999938964844,-3.5670475163947515,-1.9427699062204198
2023-01-10,43.290000915527344,57.332000732421875,-4.02818073746645,-2.18715923897598
2023-01-11,44.25,57.91999816894531,-3.553477284708535,-1.8136114174229128
2023-01-12,44.869998931884766,58.15999984741211,-3.1315604513662123,-1.4984857407623193
2023-01-13,44.779998779296875,58.41999816894531,-3.4361466580009576,-1.6555221198553594
2023-01-17,45.36000061035156,58.189998626708984,-2.66631785456417,-1.1325783700693293
2023-01-18,44.75,58.0,-3.1195057003587294,-1.3941755199268697
2023-01-19,44.279998779296875,56.54600143432617,-2.389469117133636,-0.9111725693971543
2023-01-20,45.5,58.099998474121094,-2.4520380715133285,-0.9331415922823086
2023-01-23,46.91999816894531,60.428001403808594,-2.9534252390012554,-1.2275765146359292
2023-01-24,46.88999938964844,59.900001525878906,-2.5476465499128906,-0.9500501617388893
2023-01-25,46.849998474121094,60.09000015258789,-2.7444602299972303,-1.05484676944174
2023-01-26,47.959999084472656,61.209999084472656,-2.5588353998914215,-0.9181414717750697
2023-01-27,48.529998779296875,60.400001525878906,-1.3203153128537508,-0.11351204025788311
2023-01-30,47.5,59.209999084472656,-1.36816187400688,-0.13092819289382196
2023-01-31,48.04999923706055,60.130001068115234,-1.5774736748828815,-0.2523792980495501
2023-02-01,49.9900016784668,62.70000076293945,-1.7585852859129787,-0.3591834576553262
2023-02-02,51.060001373291016,64.16000366210938,-1.8935789894397033,-0.4344737184480724
2023-02-03,49.9900016784668,63.09700012207031,-2.0862432701363147,-0.5478157033707088
2023-02-06,49.439998626708984,62.04199981689453,-1.7655162680580503,-0.3166967752356442
2023-02-07,50.59000015258789,63.939998626708984,-2.182002067104783,-0.5851011397650171
2023-02-08,49.619998931884766,62.209999084472656,-1.7241718576579075,-0.25402534193225446
2023-02-09,49.81999969482422,62.31999969482422,-1.6149585920334033,-0.16256124162942345
2023-02-10,48.93000030517578,61.58000183105469,-1.8942108789582406,-0.3450738479458769
2023-02-13,49.31999969482422,62.35599899291992,-2.1446701197127354,-0.5086947086138807
2023-02-14,50.290000915527344,63.459999084472656,-2.085840255488577,-0.45187027235859684
2023-02-15,50.220001220703125,64.5,-3.0141904633164955,-1.111788337447632
2023-02-16,49.459999084472656,63.36000061035156,-2.8333097153886655,-0.9595398282324836
2023-02-17,49.189998626708984,62.45000076293945,-2.352254261376139,-0.5881271944626918
2023-02-21,47.5099983215332,60.209999084472656,-2.183499857652272,-0.4471755788198295
2023-02-22,47.560001373291016,60.09000015258789,-2.0344573308273084,-0.32109471832867936
2023-02-23,48.5,60.88999938964844,-1.7547271185795736,-0.09696371054237264
2023-02-24,47.189998626708984,60.0099983215332,-2.338431661759145,-0.5285931979475815
2023-02-27,48.08000183105469,60.17900085449219,-1.5879123835316307,0.05872120606238306
2023-02-28,47.75,60.61000061035156,-2.273633960620174,-0.46064662370276954
2023-03-01,48.06999969482422,60.790000915527344,-2.102195052600756,-0.3218453113935397
2023-03-02,48.08000183105469,61.06999969482422,-2.323286074329687,-0.48497285646770083
2023-03-03,48.97999954223633,62.03200149536133,-2.217263374778504,-0.39298472379386756
2023-03-06,49.029998779296875,61.215999603271484,-1.4937881510817803,0.18396516136398147
2023-03-07,47.880001068115234,60.652000427246094,-2.178296866198849,-0.3370883912300464
2023-03-08,48.58000183105469,61.999000549316406,-2.590024207084035,-0.6515141292448812
2023-03-09,47.22999954223633,60.91999816894531,-3.049486658008,-1.0106533716849924
2023-03-10,46.45000076293945,60.0099983215332,-3.0784295255286764,-1.0221019771624884
2023-03-13,46.45000076293945,59.790000915527344,-2.896857679306926,-0.8589028132712959
2023-03-14,47.29999923706055,61.52000045776367,-3.4746906353358256,-1.3593754323812692
2023-03-15,46.720001220703125,60.327999114990234,-3.0708866676806963,-0.9983553084858674
2023-03-16,48.209999084472656,62.54999923706055,-3.414786174767066,-1.307445453216034
2023-03-17,47.65999984741211,61.65999984741211,-3.2302366039639665,-1.1229051123605078
2023-03-20,48.02000045776367,62.540000915527344,-3.596532823723855,-1.4525915971620167
2023-03-21,48.970001220703125,62.53300094604492,-2.6407547318354148,-0.5068187511584128
2023-03-22,48.5,61.79999923706055,-2.5057830303557793,-0.3556963744565422
2023-03-23,49.06999969482422,63.45000076293945,-3.297589498439507,-1.1566182795948476
2023-03-24,48.77000045776367,62.540000915527344,-2.846532823723855,-0.6688294370393553
2023-03-27,48.619998931884766,61.880001068115234,-2.451812514121208,-0.22974241706208898
2023-03-28,48.310001373291016,61.400001525878906,-2.3656490240382055,-0.11396523069316486
2023-03-29,49.689998626708984,63.599998474121094,-2.80138912328664,-0.5965995765614803
2023-03-30,50.16999816894531,64.5,-3.064193515074308,-0.914644366992867
2023-03-31,50.959999084472656,64.80999755859375,-2.5300448391711186,-0.22444811620016913
2023-04-03,50.63999938964844,64.37999725341797,-2.4951496708958842,-0.15478066416648104
2023-04-04,49.88999938964844,62.91999816894531,-2.0401594209530884,0.5069446033098299
2023-04-05,48.779998779296875,61.79999923706055,-2.2257842510589043,0.2810385974856423
2023-04-06,48.790000915527344,61.68000030517578,-2.1167426397612843,0.4543730305857205
2023-04-10,49.540000915527344,62.810001373291016,-2.2993735461673808,0.20020524151947555
2023-04-11,49.58000183105469,62.56999969482422,-2.061290532097587,0.573518950065547
2023-04-12,48.630001068115234,61.33000183105469,-1.9878760397241422,0.6890392493909349
2023-04-13,49.2599983215332,61.849998474121094,-1.7870508943998757,1.0239860900201732
2023-04-14,49.400001525878906,61.7400016784668,-1.5562633411473712,1.386755192972132
2023-04-17,49.43000030517578,61.810001373291016,-1.5840378513403408,1.3305266011948556
2023-04-18,49.75,61.810001373291016,-1.264038156516122,1.786059085408603
2023-04-19,49.08000183105469,61.029998779296875,-1.2902718665045896,1.703647656597358
2023-04-20,48.27000045776367,61.099998474121094,-2.158046529285457,0.39727249894587935
2023-04-21,48.0,60.689998626708984,-2.089659227862228,0.4979203852179652
2023-04-24,48.08000183105469,60.31999969482422,-1.7042838454457367,1.0797792858646158
2023-04-25,46.66999816894531,58.400001525878906,-1.5296433128481155,1.3436154053469267
2023-04-26,47.08000183105469,58.529998779296875,-1.226931103558094,1.7698024466383673
2023-04-27,47.47999954223633,58.83000183105469,-1.0745368026565458,1.9776559263807936
2023-04-28,48.0,60.060001373291016,-1.5696996224535766,1.266424300173349
2023-05-01,48.06999969482422,60.29999923706055,-1.6977788777636604,1.0738108903245
2023-05-02,47.40999984741211,59.79999923706055,-1.9451105725864721,0.7161702415019195
2023-05-03,47.400001525878906,59.630001068115234,-1.8148032334752244,0.9291142347743544
2023-05-04,47.02000045776367,58.81999969482422,-1.5262807609688593,1.339354630559706
2023-05-05,48.43000030517578,60.130001068115234,-1.197472606767647,1.7901185158006205
2023-05-08,48.7599983215332,59.88999938964844,-0.6693924918677752,2.463928704171759
2023-05-09,48.08000183105469,58.90999984741211,-0.5405597810802405,2.5359173118433502
2023-05-10,48.63999938964844,59.61000061035156,-0.558298265793141,2.4102587319613944
2023-05-11,48.279998779296875,59.06999969482422,-0.4726165157303015,2.427018584033629
2023-05-12,48.15999984741211,59.040000915527344,-0.5678563659503197,2.2190903687634442
2023-05-15,48.939998626708984,60.7400016784668,-1.1909299351386906,1.3904270028333705
2023-05-16,48.4900016784668,60.25,-1.2365107085437828,1.307939132536276
2023-05-17,49.560001373291016,61.599998474121094,-1.2807137663474109,1.2268659604268346
2023-05-18,50.04999923706055,63.279998779296875,-2.1772811471505804,0.09778232320314291
2023-05-19,50.290000915527344,63.02000045776367,-1.7226934146369288,0.6548411370310369
2023-05-22,50.66999816894531,63.099998474121094,-1.4087214284610141,1.0289533792171988
2023-05-23,50.0099983215332,62.31999969482422,-1.424959965324419,0.9888305543657022
2023-05-24,49.310001373291016,61.150001525878906,-1.1593149477435603,1.2934920140355568
2023-05-25,50.70000076293945,63.599998474121094,-1.7913869870561712,0.49057749426303804
2023-05-26,52.27000045776367,67.12000274658203,-3.126574612677743,-1.1939015672045072
2023-05-30,52.31999969482422,67.16999816894531,-3.117838412786355,-1.186470141851255
2023-05-31,51.38999938964844,66.08000183105469,-3.1482251677892847,-1.21872491412113
2023-06-01,52.439998626708984,66.97000122070312,-2.8327747385923843,-0.8597942257676342
2023-06-02,53.220001220703125,67.25,-2.2838653025576434,-0.16900773157228946
2023-06-05,52.7599983215332,65.81999969482422,-1.5636370334495169,0.7682026263895171
2023-06-06,53.619998931884766,66.51000213623047,-1.2731204886524026,1.1451370347968497
2023-06-07,53.02000045776367,67.06999969482422,-2.335305278692296,-0.3258585661604018
2023-06-08,53.7599983215332,67.55999755859375,-1.9997204413517196,0.12112989300420719
2023-06-09,54.040000915527344,67.30000305175781,-1.5051349417188717,0.8020648846702085
2023-06-12,55.119998931884766,69.37000274658203,-2.1335828252084994,-0.09894760071069686
2023-06-13,56.310001373291016,70.58999633789062,-1.9504853867944547,0.15598142376672333
2023-06-14,56.70000076293945,71.44999694824219,-2.2702757233449162,-0.3033136344014819
2023-06-15,56.75,70.94999694824219,-1.8076083336950646,0.3439935422438932
2023-06-16,56.290000915527344,70.72000122070312,-2.077783594193768,-0.05192925644475841
2023-06-20,55.900001525878906,70.16000366210938,-2.005596667923406,0.041839883990012754
2023-06-21,55.2400016784668,68.62000274658203,-1.394577849742518,0.9105604239128913
2023-06-22,55.290000915527344,68.97000122070312,-1.6334450601312227,0.5709506406761272
2023-06-23,53.90999984741211,67.72000122070312,-1.9817757467732093,0.07347966210106055
2023-06-26,53.689998626708984,68.27999877929688,-2.663963283395134,-0.9059385653715286
2023-06-27,54.77000045776367,70.66000366210938,-3.548265888627938,-2.1212553640448766
2023-06-28,54.439998626708984,70.16999816894531,-3.4738483964373827,-1.9539634030725335
2023-06-29,54.90999984741211,70.26000213623047,-3.078130717544802,-1.3732952185985292
2023-06-30,55.849998474121094,71.19000244140625,-2.9056951065245684,-1.1127267270894863
2023-07-03,56.54999923706055,71.61000061035156,-2.5523340805242185,-0.6196789179039751
2023-07-05,56.0099983215332,69.7300033569336,-1.5407050091696632,0.7674691129517414
2023-07-06,55.54999923706055,68.9000015258789,-1.3156734491081679,1.0684137717295425
2023-07-07,55.9900016784668,68.86000061035156,-0.8426567998768206,1.6770797235220218
2023-07-10,56.2400016784668,70.41999816894531,-1.8801794209742226,0.2742896869068368
2023-07-11,56.59000015258789,70.44999694824219,-1.5549400285178763,0.7037871639416405
2023-07-12,57.56999969482422,71.7300033569336,-1.6313762462358383,0.5861467137658192
2023-07-13,58.650001525878906,72.94999694824219,-1.5582794181733561,0.6699899648365366
2023-07-14,58.04999923706055,71.88999938964844,-1.2834272384836183,1.023990951955393
2023-07-17,58.40999984741211,73.7699966430664,-2.475056615013955,-0.5817063124894886
2023-07-18,59.060001373291016,73.77999877929688,-1.8333102152953984,0.2814765710188731
2023-07-19,58.900001525878906,73.08999633789062,-1.4238259971530596,0.8271067027431974
2023-07-20,57.220001220703125,70.94999694824219,-1.3376071129919396,0.9263179664689404
2023-07-21,57.0,71.7699966430664,-2.2343838520688664,-0.2674719021159831
2023-07-24,56.959999084472656,71.6500015258789,-2.1753484409372064,-0.1896098109475059
2023-07-25,57.540000915527344,72.73999786376953,-2.4949601600553706,-0.612361729615729
2023-07-26,57.5,71.97000122070312,-1.8994548911943596,0.18020963144541213
2023-07-27,57.130001068115234,73.5199966430664,-3.5487213180161774,-1.9738843444851268
2023-07-28,58.400001525878906,75.20999908447266,-3.673541230985556,-2.068353776406185
2023-07-31,58.88999938964844,75.36000061035156,-3.307345072356071,-1.5621099374611367
2023-08-01,58.369998931884766,75.29000091552734,-3.7695722406298913,-2.0917947716963012
2023-08-02,56.599998474121094,72.70999908447266,-3.410203519796866,-1.6287365014752837
2023-08-03,56.779998779296875,72.37000274658203,-2.949591893332183,-1.0615893018198603
2023-08-04,56.27000045776367,72.05999755859375,-3.203731678424944,-1.3670201049268111
2023-08-07,56.209999084472656,72.69999694824219,-3.791947783284961,-2.0744161824377363
2023-08-08,55.5099983215332,71.62999725341797,-3.60883895155596,-1.8248857317801586
2023-08-09,54.88999938964844,70.43000030517578,-3.2384368359529248,-1.3816994164921665
2023-08-10,54.630001068115234,70.01000213623047,-3.1517954205470318,-1.2787455716775091
2023-08-11,54.09000015258789,68.55000305175781,-2.4868060861315726,-0.48892206589268844
2023-08-14,54.349998474121094,70.41000366210938,-3.761933795975871,-2.017073916964124
2023-08-15,53.43000030517578,68.98999786376953,-3.50994962598719,-1.6759127404927368
2023-08-16,52.599998474121094,67.76000213623047,-3.324791327889322,-1.4526724493302379
2023-08-17,52.310001373291016,67.16000366210938,-3.1195879049755035,-1.199106546565434
2023-08-18,52.0,67.62999725341797,-3.8174920523747744,-1.9780797127160235
2023-08-21,52.849998474121094,69.20999908447266,-4.271526451671775,-2.413877453756476
2023-08-22,52.84000015258789,68.80000305175781,-3.943140162426225,-1.9915283826415973
2023-08-23,53.400001525878906,70.19999694824219,-4.538604578932215,-2.5636713927813193
2023-08-24,52.209999084472656,68.26000213623047,-4.127458870127057,-2.0560659187492414
2023-08-25,52.650001525878906,68.66000366210938,-4.017592210155506,-1.8888910800406977
2023-08-28,53.150001525878906,69.80999755859375,-4.4667239236578595,-2.2702503573500588
2023-08-29,54.36000061035156,71.45999908447266,-4.61853100209315,-2.3325326675960603
2023-08-30,54.43000030517578,71.80999755859375,-4.837397754718182,-2.443859647271199
2023-08-31,54.439998626708984,72.52999877929688,-5.421642580404182,-2.8471685808877236
2023-09-01,54.650001525878906,72.95999908447266,-5.566534544333706,-2.8259045220988077
2023-09-05,54.790000915527344,72.55500030517578,-5.0922749585785425,-2.317208732046875
2023-09-06,54.18000030517578,72.16000366210938,-5.376270498983729,-2.4534362953471933
2023-09-07,53.25,69.83999633789062,-4.39148453120152,-1.5969630280916831
2023-09-08,53.02000045776367,69.69999694824219,-4.505937494458145,-1.6477723017752492
2023-09-11,53.599998474121094,69.76000213623047,-3.97546393824652,-1.19300338271143
2023-09-12,53.650001525878906,69.22200012207031,-3.481428291943118,-0.7772490848007894
2023-09-13,53.70000076293945,69.49400329589844,-3.6559231493667284,-0.9030785773766775
2023-09-14,54.150001525878906,70.18000030517578,-3.7721006234278107,-0.9790852750518354
2023-09-15,53.86000061035156,68.29000091552734,-2.5022164259129056,0.047870123455485226
2023-09-18,53.400001525878906,68.83000183105469,-3.4078978707999568,-0.6673397783069572
2023-09-19,53.380001068115234,68.0999984741211,-2.825400055184083,-0.185773061774629
2023-09-20,52.5,66.95999908447266,-2.764518239141019,-0.12362529986351199
2023-09-21,51.2400016784668,66.05000305175781,-3.273463797306171,-0.5270293961956957
2023-09-22,51.459999084472656,66.38999938964844,-3.334077712589213,-0.5640611799564869
2023-09-25,51.2599983215332,66.8499984741211,-3.9137324202928667,-1.01986123448774
2023-09-26,50.40999984741211,65.75,-3.855862218080759,-0.9537718360262392
2023-09-27,50.66999816894531,66.29000091552734,-4.041546256961958,-1.0831944821794128
2023-09-28,51.709999084472656,67.47000122070312,-3.97544243341801,-1.0093324530556953
2023-09-29,51.2400016784668,67.62999725341797,-4.5774903739079775,-1.4744552248152192
2023-10-02,51.15999984741211,67.88999938964844,-4.87208140741766,-1.6851102753814537
2023-10-03,50.45000076293945,66.6500015258789,-4.5586652365774185,-1.4055176155641274
2023-10-04,50.59000015258789,67.33999633789062,-4.988143615667134,-1.732308574551685
2023-10-05,50.41999816894531,66.95999908447266,-4.844520070195706,-1.5877502068803881
2023-10-06,51.380001068115234,68.18000030517578,-4.891428470834285,-1.5930162287588086
2023-10-09,51.040000915527344,68.02999877929688,-5.107626918282122,-1.7336467421150827
2023-10-10,52.06999969482422,68.80000305175781,-4.713140620189897,-1.3780821852416572
2023-10-11,52.06999969482422,69.13999938964844,-4.9937519414787985,-1.5727181955627916
2023-10-12,51.72999954223633,69.4000015258789,-5.548341296521684,-1.9716585827007491
2023-10-13,51.040000915527344,67.37000274658203,-4.5629082312087235,-1.1475121553870546
2023-10-16,51.22999954223633,68.44999694824219,-5.264268028512241,-1.6817757655851788
2023-10-17,51.11000061035156,68.05000305175781,-5.054137475778603,-1.4834183845442432
2023-10-18,50.040000915527344,67.13999938964844,-5.373078110418476,-1.7009319109154761
2023-10-19,49.2599983215332,65.95999908447266,-5.17918361242922,-1.5096534804120076
2023-10-20,48.5,64.9000015258789,-5.064327465454319,-1.38849462950834
2023-10-23,48.66999816894531,64.43000030517578,-4.506420225584456,-0.9317892757216706
2023-10-24,49.15999984741211,65.12999725341797,-4.594151442016162,-0.9829594667710037
2023-10-25,47.5,62.63999938964844,-4.199065652642126,-0.6585370932893834
