Date,Open,Close,Returns,Range,12_MA,21_MA,HMM,MA_Signal,HMM_Signal,Main_Signal,lrets_bench,bench_prod,bench_prod_exponent,lrets_strat,lrets_prod,strat_prod_exponent
2021-12-29,476.9800109863281,477.4800109863281,0.0012792079086265673,0.005547117281001324,467.899169921875,465.01666841052827,0,1.0,1,1.0,0.0012783904192747832,0.0012783904192747832,0.0012792079086265673,0.0019896786068016293,0.0019896786068016293,0.001991659330730977
2021-12-30,477.92999267578125,476.1600036621094,-0.0027645289726202504,0.007000623285603691,468.6983362833659,465.9976210821243,1,1.0,1,1.0,-0.0027683573402238052,-0.001489966920949022,-0.001488857471319105,-0.004802966561337391,-0.002813287954535762,-0.002809334368372718
2021-12-31,475.6400146484375,474.9599914550781,-0.0025201869073463445,0.004613672365805677,469.6650034586589,467.1623825799851,0,1.0,1,1.0,-0.002523367923998611,-0.004013334844947633,-0.004005292179559361,0.00138658581124525,-0.0014267021432905118,-0.00142568488761885
2022-01-03,476.29998779296875,477.7099914550781,0.005789961364061735,0.00844148981423909,470.25750223795575,468.1295253208705,1,1.0,1,1.0,0.0057732639583171685,0.0017599291133695355,0.0017614786975310714,0.006111902526679952,0.0046852003833894405,0.004696193095687473
2022-01-04,479.2200012207031,477.54998779296875,-0.00033493890638969237,0.009251912482221236,471.1825002034505,469.27857171921505,0,1.0,1,1.0,-0.00033499501095328297,0.0014249341024162524,0.0014259498033928342,-0.004307912616074576,0.0003772877673148649,0.00037735894929635805
2022-01-05,477.1600036621094,468.3800048828125,-0.019202142486770768,0.020714128795415343,471.89166768391925,469.7352382114955,1,1.0,1,1.0,-0.01938889823036019,-0.01796396412794394,-0.017803573974681797,-0.019618615225379346,-0.01924132745806448,-0.01905739470946355
2022-01-06,467.8900146484375,467.94000244140625,-0.0009394133755055156,0.01158072048053893,472.97166697184247,469.7190479096912,0,1.0,1,1.0,-0.0009398549007887172,-0.018903819028732657,-0.018726262434663687,0.00012822182628269987,-0.01911310563178178,-0.01893160839303143
2022-01-07,467.95001220703125,466.0899963378906,-0.003953511334494841,0.009792356333400809,473.2241668701172,469.5557149251302,1,1.0,1,1.0,-0.003961347119826814,-0.02286516614855947,-0.022605739278370396,-0.011282556394326085,-0.030395662026107866,-0.029938358946673627
2022-01-10,462.70001220703125,465.510009765625,-0.001244366059822366,0.020017485783360378,473.04250081380206,469.51571509951634,1,1.0,1,1.0,-0.0012451409261460564,-0.024110307074705527,-0.023821975523477534,0.005453008277016983,-0.02494265374909088,-0.024634156001008933
2022-01-11,465.2300109863281,469.75,0.009108268663244656,0.01688132997861236,472.97166697184247,469.46857270740327,0,1.0,1,1.0,0.009067038551736909,-0.015043268522968618,-0.014930683813389911,0.013578025690286934,-0.011364628058803948,-0.011300294612539008
2022-01-12,471.5899963378906,471.0199890136719,0.002703542338843734,0.009084338600772845,472.451665242513,469.6804765973772,0,1.0,1,1.0,0.002699894341785254,-0.012343374181183364,-0.01226750721038361,0.0012714958679514025,-0.010093132190852545,-0.01004236746738496
2022-01-13,472.19000244140625,464.5299987792969,-0.013778587715492119,0.02036941651923918,471.42333221435547,469.73619152250745,1,1.0,1,1.0,-0.013874393518961387,-0.02621776770014475,-0.02587706600172701,-0.023571341244053415,-0.03366447343490596,-0.03310413053215888
2022-01-14,461.19000244140625,464.7200012207031,0.0004090208208415991,0.011285067428320916,470.35999806722003,469.45619128999255,0,1.0,1,1.0,0.0004089371946281227,-0.025808830505516626,-0.025478629439662392,-0.003149019831682966,-0.03681349326658893,-0.03614411580121202
2022-01-18,459.739990234375,456.489990234375,-0.017709612163689825,0.010212808682914964,468.7208302815755,468.9819045293899,1,0.0,1,1.0,-0.017868303713834164,-0.043677134219350794,-0.042737024957513414,-0.003508093763307765,-0.040321587029896695,-0.039519488593529384
2022-01-19,458.1300048828125,451.75,-0.010383557878106742,0.01805252746808539,466.78666432698566,468.5952380952381,1,0.0,1,0.0,-0.01043784312485474,-0.054114977344205534,-0.05267682046343569,-0.0,-0.040321587029896695,-0.039519488593529384
2022-01-20,453.75,446.75,-0.011068068622025473,0.03203597353065235,464.2066650390625,468.20333281017486,3,0.0,1,0.0,-0.011129775432800469,-0.065244752777006,-0.06316185842178179,-0.0,-0.040321587029896695,-0.039519488593529384
2022-01-21,445.55999755859375,437.9800109863281,-0.01963064132886827,0.023084792943865118,460.90916697184247,467.00904773530505,3,0.0,1,0.0,-0.019825881722007412,-0.08507063449901342,-0.08155259196230735,-0.0,-0.040321587029896695,-0.039519488593529384
2022-01-24,432.0299987792969,439.8399963378906,0.004246735706896265,0.046629895098910135,458.5308329264323,465.68285696847096,3,0.0,1,0.0,0.004237743773401898,-0.08083289072561152,-0.07765218855968736,0.0,-0.040321587029896695,-0.039519488593529384
2022-01-25,433.05999755859375,434.4700012207031,-0.012208974085799573,0.029427619112327497,455.74166615804035,463.9623805454799,3,0.0,1,0.0,-0.012284115838726838,-0.09311700656433836,-0.08891310908765604,0.0,-0.040321587029896695,-0.039519488593529384
2022-01-26,440.7200012207031,433.3800048828125,-0.0025087953939929575,0.03539622187161018,453.0158335367839,461.8728565034412,3,0.0,1,0.0,-0.0025119476945792865,-0.09562895425891764,-0.09119883968310427,-0.0,-0.040321587029896695,-0.039519488593529384
2022-01-27,438.260009765625,431.239990234375,-0.004937963506221665,0.02826867804350397,450.1599985758464,459.6999991280692,3,0.0,1,0.0,-0.004950195532161598,-0.10057914979107924,-0.09568646664716107,-0.0,-0.040321587029896695,-0.039519488593529384
2022-01-28,432.67999267578125,441.95001220703125,0.024835410015744186,0.033144762827875596,447.8433329264323,458.0080944242932,2,0.0,1,0.0,0.02453202410233454,-0.0760471256887447,-0.07322746926355694,0.0,-0.040321587029896695,-0.039519488593529384
2022-01-31,441.239990234375,449.9100036621094,0.018011067394991365,0.023805737202025057,446.08416748046875,456.7580944242932,0,0.0,1,0.0,0.01785078977354817,-0.058196335915196525,-0.05653530675263618,0.0,-0.040321587029896695,-0.039519488593529384
2022-02-01,450.67999267578125,452.95001220703125,0.006756925874457753,0.014968457521954193,445.1191685994466,455.71000017438615,1,0.0,1,0.0,0.006734200164012837,-0.05146213575118369,-0.05016038575519566,0.0,-0.040321587029896695,-0.039519488593529384
2022-02-02,455.5,457.3500061035156,0.00971408274181318,0.01119083425852696,444.50500233968097,454.74047706240697,0,0.0,1,0.0,0.009667204382406813,-0.04179493136877688,-0.040933565150969686,-0.0,-0.040321587029896695,-0.039519488593529384
2022-02-03,450.95001220703125,446.6000061035156,-0.02350497399483331,0.01628864038233413,443.6808369954427,453.26666841052827,1,0.0,1,0.0,-0.023785622375082246,-0.06558055374385913,-0.0634763967614137,-0.0,-0.040321587029896695,-0.039519488593529384
2022-02-04,446.3500061035156,448.70001220703125,0.004702207959730531,0.02016540674989753,443.4266713460286,452.32952590215774,0,0.0,1,0.0,0.004691187114582218,-0.06088936662927691,-0.05907266801978972,0.0,-0.040321587029896695,-0.039519488593529384
2022-02-07,449.510009765625,447.260009765625,-0.0032092765817484104,0.011528505238297626,443.46917215983075,451.3447643461682,1,0.0,1,0.0,-0.0032144373543599647,-0.06410380398363687,-0.06209236407144081,-0.0,-0.040321587029896695,-0.039519488593529384
2022-02-08,446.7300109863281,450.94000244140625,0.00822785984758534,0.015048767325504642,444.5491714477539,450.62333606538317,0,0.0,1,0.0,0.00819419553949726,-0.05590960844413961,-0.05437539149304049,0.0,-0.040321587029896695,-0.039519488593529384
2022-02-09,455.2200012207031,457.5400085449219,0.014636106949445393,0.00630754281354351,446.02417246500653,450.2438121977307,1,0.0,1,0.0,0.014530032891025087,-0.04137957555311452,-0.04053512858890518,-0.0,-0.040321587029896695,-0.039519488593529384
2022-02-10,451.3399963378906,449.32000732421875,-0.017965644680657644,0.023501741863059866,447.2616729736328,449.2709554036458,1,0.0,1,0.0,-0.018128986189386964,-0.059508561742501485,-0.05777253355224987,-0.0,-0.040321587029896695,-0.039519488593529384
2022-02-11,449.4100036621094,440.4599914550781,-0.019718721011119933,0.028864953842632657,447.85167185465497,447.8157174246652,1,1.0,1,0.0,-0.019915729123292567,-0.07942429086579406,-0.0763520540921474,-0.0,-0.040321587029896695,-0.039519488593529384
2022-02-14,439.9200134277344,439.0199890136719,-0.003269314964678527,0.014379587950302364,448.500005086263,446.6009550548735,0,1.0,1,1.0,-0.003274670851420668,-0.08269896171721472,-0.07937175014379849,0.008623371387739763,-0.031698215642156934,-0.031201093676639258
2022-02-15,443.7300109863281,446.1000061035156,0.01612686726577106,0.006994914379592654,448.84583791097003,445.71428862072173,1,1.0,1,1.0,0.015998210716834927,-0.0667007510003798,-0.06452490055724847,0.0004505817362762439,-0.03124763390588069,-0.030764472223886452
2022-02-16,443.92999267578125,446.6000061035156,0.0011208249118113134,0.01384802254464157,448.5700047810872,445.2433369954427,0,1.0,1,1.0,0.0011201972565205234,-0.06558055374385927,-0.06347639676141381,-0.0016006123238316411,-0.03284824622971233,-0.03231460164526534
2022-02-17,443.2200012207031,437.05999755859375,-0.02136141606480546,0.023257397883209352,447.24583689371747,444.54381306966144,1,1.0,1,1.0,-0.02159287321665315,-0.08717342696051242,-0.08348186710470407,-0.013378235371108688,-0.04622648160082102,-0.04517431274966177
2022-02-18,437.3299865722656,434.2300109863281,-0.006475052825868022,0.015839924556239948,445.31917063395184,443.9476231166295,1,1.0,1,1.0,-0.006496106913848236,-0.09366953387436065,-0.08941637043106698,-0.012517068043854204,-0.05874354964467522,-0.0570514423549362
2022-02-22,431.8900146484375,429.57000732421875,-0.010731648076383382,0.02263658239803701,443.90000406901044,443.5471467517671,1,1.0,1,1.0,-0.010789647538041604,-0.10445918141240226,-0.09918843348771667,0.0017812485129885395,-0.05696230113168668,-0.05537031983480689
2022-02-23,432.6600036621094,421.95001220703125,-0.01773865723226875,0.028266295216768933,441.67083740234375,442.6952427455357,3,0.0,1,1.0,-0.017897872870124194,-0.12235705428252645,-0.11516762109694112,-0.05131036023754757,-0.10827266136923425,-0.10261711857538991
2022-02-24,411.0199890136719,428.29998779296875,0.01504911814725074,0.044126228498946096,440.09083557128906,442.4014325823103,3,0.0,1,0.0,0.014937003586184076,-0.10742005069634238,-0.10185167408631601,0.0,-0.10827266136923425,-0.10261711857538991
2022-02-25,429.6099853515625,437.75,0.0220640029800776,0.02332541328474025,438.9916687011719,442.6095275878906,0,0.0,1,0.0,0.02182411504576,-0.08559593565058238,-0.08203492674680479,0.0,-0.10827266136923425,-0.10261711857538991
2022-02-28,432.0299987792969,436.6300048828125,-0.0025585268239577408,0.017413512392460362,437.2491683959961,442.8661949521019,1,0.0,1,0.0,-0.002561805447203176,-0.08815774109778556,-0.0843835650101794,0.0,-0.10827266136923425,-0.10261711857538991
2022-03-01,435.0400085449219,429.9800109863281,-0.015230272363598085,0.023553717827250686,435.6375020345052,442.2961948939732,1,0.0,1,0.0,-0.015347444189967911,-0.10350518528775346,-0.09832865269566116,-0.0,-0.10827266136923425,-0.10261711857538991
2022-03-02,432.3699951171875,437.8900146484375,0.018396212521518462,0.01888452338709823,435.42333730061847,441.7238144647507,0,0.0,1,0.0,0.018229049206145667,-0.08527613608160779,-0.08174131496608661,0.0,-0.10827266136923425,-0.10261711857538991
2022-03-03,440.4700012207031,435.7099914550781,-0.004978472037343917,0.016851078294825683,435.14750417073566,440.9028610956101,1,0.0,1,0.0,-0.004990905914229309,-0.0902670419958371,-0.08631284015257612,-0.0,-0.10827266136923425,-0.10261711857538991
2022-03-04,431.75,432.1700134277344,-0.008124619808514866,0.012830677226617793,433.9866714477539,439.7038138253348,0,0.0,1,0.0,-0.00815780439569187,-0.09842484639152897,-0.09373620095025825,-0.0,-0.10827266136923425,-0.10261711857538991
2022-03-07,431.54998779296875,419.42999267578125,-0.029479187255280204,0.030856550203659072,431.7225036621094,438.4100036621094,1,0.0,1,0.0,-0.029922431219487004,-0.12834727761101597,-0.12045212118512716,-0.0,-0.10827266136923425,-0.10261711857538991
2022-03-08,419.6199951171875,416.25,-0.007581700715998618,0.029124100212223336,429.98833719889325,436.8647649855841,1,0.0,1,0.0,-0.007610587910874293,-0.13595786552189026,-0.12712058996769293,0.0,-0.10827266136923425,-0.10261711857538991
2022-03-09,425.1400146484375,427.4100036621094,0.026810819608671155,0.01582234124573101,429.4200032552083,435.9195265997024,0,0.0,1,0.0,0.026457707170737758,-0.10950015835115251,-0.10371797756519352,-0.0,-0.10827266136923425,-0.10261711857538991
2022-03-10,422.5199890136719,425.4800109863281,-0.004515553354495161,0.01424695604507753,429.0791702270508,434.70714605422245,1,0.0,1,0.0,-0.004525779260906256,-0.11402593761205877,-0.10776518685817271,0.0,-0.10827266136923425,-0.10261711857538991
2022-03-11,428.1199951171875,420.07000732421875,-0.012715059514942118,0.022024623414917954,428.9225031534831,432.922860281808,1,0.0,1,0.0,-0.012796587712040324,-0.1268225253240991,-0.11911000560857432,-0.0,-0.10827266136923425,-0.10261711857538991
2022-03-14,420.8900146484375,417.0,-0.007308323066848366,0.021068277418937686,427.98083750406903,431.3838123139881,1,0.0,1,0.0,-0.007335159693643303,-0.1341576850177424,-0.12554783427394112,-0.0,-0.10827266136923425,-0.10261711857538991
2022-03-15,419.7699890136719,426.1700134277344,0.02199043987466287,0.020123279575417596,427.0158386230469,430.70333716982884,0,0.0,1,0.0,0.021752137407685203,-0.1124055476100572,-0.10631824650027344,0.0,-0.10827266136923425,-0.10261711857538991
2022-03-16,429.8900146484375,435.6199951171875,0.02217420604853415,0.025612064961063608,426.9316711425781,430.5414326985677,0,0.0,1,0.0,0.021931933271714867,-0.09047361433834233,-0.08650156315635515,0.0,-0.10827266136923425,-0.10261711857538991
2022-03-17,433.5899963378906,441.07000732421875,0.01251093216133281,0.018190643455300748,427.85583750406903,430.3019089471726,1,0.0,1,0.0,0.012433317136645933,-0.0780402972016964,-0.07507284618352084,0.0,-0.10827266136923425,-0.10261711857538991
2022-03-18,438.0,444.5199890136719,0.00782184603841607,0.017474004184458103,428.40833536783856,430.20286051432294,0,0.0,1,0.0,0.0077914139875613605,-0.07024888321413504,-0.06783820838961796,0.0,-0.10827266136923425,-0.10261711857538991
2022-03-21,444.3399963378906,444.3900146484375,-0.0002923926222593298,0.013116090758287235,429.13167063395184,430.5519089471726,1,0.0,1,0.0,-0.0002924353773164843,-0.07054131859145153,-0.06811076562023688,0.0,-0.10827266136923425,-0.10261711857538991
2022-03-22,445.8599853515625,449.5899963378906,0.011701391836103525,0.010586285775300963,430.58333587646484,431.28333682105654,0,0.0,1,0.0,0.011633459968707478,-0.05890785862274406,-0.05720636454091277,0.0,-0.10827266136923425,-0.10261711857538991
2022-03-23,446.9100036621094,443.79998779296875,-0.012878419431224142,0.010772799511729714,432.61416880289715,431.96095493861606,1,1.0,1,0.0,-0.012962065201010127,-0.07186992382375418,-0.0693480564154435,-0.0,-0.10827266136923425,-0.10261711857538991
2022-03-24,445.94000244140625,450.489990234375,0.015074363734608909,0.012905814615391753,435.4675013224284,433.32000151134673,0,1.0,1,1.0,0.014961874573180461,-0.05690804925057372,-0.055319070507529156,0.011637632591846813,-0.09663502877738743,-0.09211270158918317
2022-03-25,451.1600036621094,452.69000244140625,0.004883598425542424,0.010146552159450595,437.5741678873698,434.48143078031995,1,1.0,1,1.0,0.004871712340952904,-0.05203633690962081,-0.0507056282076197,0.0019928570960053133,-0.09464217168138211,-0.09030160791812858
2022-03-28,452.05999755859375,455.9100036621094,0.007113038068738753,0.012998280529817663,440.11000061035156,435.34619285946803,0,1.0,1,1.0,0.007087859739227372,-0.044948477170393436,-0.04395326120262111,0.01745503393175605,-0.07718713774962607,-0.07428339912554138
2022-03-29,460.0199890136719,461.54998779296875,0.012370827763277914,0.010696038161725374,443.56666564941406,436.5328587123326,1,1.0,1,1.0,0.012294934342103209,-0.03265354282829023,-0.03212617166331522,0.0006953960237465214,-0.07649174172587955,-0.07363943560329111
2022-03-30,460.3399963378906,458.70001220703125,-0.006174792896356585,0.01036215079562508,447.0416666666667,437.90047781808033,0,1.0,1,1.0,-0.006193935772894751,-0.03884747860118498,-0.038102592103097965,-0.00533632635400923,-0.08182806807988878,-0.07856963162939856
2022-03-31,457.8900146484375,451.6400146484375,-0.015391317572948426,0.01684547841525319,449.1641667683919,438.55523972284226,1,1.0,1,1.0,-0.015510993469158118,-0.0543584720703431,-0.05290746058063511,-0.010052799822946937,-0.09188086790283571,-0.08778618298284657
2022-04-01,453.30999755859375,452.9200134277344,0.0028341128726010467,0.009618329843138262,450.6058349609375,439.374764578683,0,1.0,1,1.0,0.0028301043466709796,-0.05152836772367212,-0.05022329342312226,-0.0003971419568028611,-0.09227800985963858,-0.08814838943470915
2022-04-04,453.1300048828125,456.79998779296875,0.008566577431344813,0.010281682651743118,451.9166666666667,440.54762050083707,0,1.0,1,1.0,0.008530092526005388,-0.04299827519766673,-0.04208695772374382,0.004601750453044503,-0.08767625940659407,-0.08394260631232686
2022-04-05,455.2200012207031,451.0299987792969,-0.01263132479829876,0.017807076425290003,452.45916748046875,442.05238269624255,1,1.0,1,1.0,-0.012711778187951285,-0.05571005338561802,-0.05418666848926168,-0.018468309162487994,-0.10614456856908207,-0.10070537105987876
2022-04-06,446.8900146484375,446.5199890136719,-0.00999935653466788,0.012311974744737775,452.6366653442383,443.49381074451264,1,1.0,1,1.0,-0.010049685888730729,-0.06575973927434875,-0.06364419320627956,-0.0029132736061296275,-0.1090578421752117,-0.10332144983961689
2022-04-07,445.5899963378906,448.7699890136719,0.005038968143330047,0.01614322296533599,452.5683314005534,444.51095290411087,0,1.0,1,1.0,0.005026315031306617,-0.060733424243042136,-0.0589259261250239,0.0053270301210410105,-0.10373081205417069,-0.09853207093696148
2022-04-08,447.9700012207031,447.57000732421875,-0.002673934796955768,0.010517115342265182,452.8824996948242,445.5628574916295,1,1.0,1,1.0,-0.0026775161462258518,-0.06341094038926799,-0.06144229683767122,-0.008654022100267347,-0.11238483415443803,-0.10629973507121748
2022-04-11,444.1099853515625,439.9200134277344,-0.017092284494708676,0.012767666912164799,452.0016682942708,446.50809587751115,1,1.0,1,1.0,-0.01724004370458936,-0.08065098409385735,-0.07748439211482205,-0.0023219361684702956,-0.11470677032290832,-0.1083724427614201
2022-04-12,443.0799865722656,438.2900085449219,-0.003705230116974989,0.020840504364401546,450.80166880289715,447.52190580822173,1,1.0,1,1.0,-0.0037121114853793627,-0.08436309557923671,-0.08090252472853765,-0.011462911948511843,-0.12616968227142017,-0.11853473493526212
2022-04-13,438.0299987792969,443.30999755859375,0.01145357848867623,0.01432027468050956,449.7516682942708,448.33809552873885,0,1.0,1,1.0,0.011388482839123713,-0.07297461274011299,-0.07037556965677183,0.012523109050609126,-0.11364657322081104,-0.1074266405292843
2022-04-14,443.54998779296875,437.7900085449219,-0.01245175846263713,0.016107700668349434,447.7716700236003,448.4414295014881,1,0.0,1,1.0,-0.012529931210354926,-0.08550454395046792,-0.0819510285243723,-0.015312195093030199,-0.12895876831384123,-0.12098979212856675
2022-04-18,436.80999755859375,437.9700012207031,0.0004111392957082405,0.009503947998566353,446.04416910807294,448.29381016322543,0,0.0,1,0.0,0.0004110548011065768,-0.08509348914936134,-0.08157358251681412,0.0,-0.12895876831384123,-0.12098979212856675
2022-04-19,437.8599853515625,445.0400085449219,0.01614267485104759,0.01855235618047213,445.4941685994466,448.3185729980469,1,0.0,1,0.0,0.016013767300200717,-0.06907972184916061,-0.06674772348477065,0.0,-0.12895876831384123,-0.12098979212856675
2022-04-20,446.9200134277344,444.7099914550781,-0.0007415447679024467,0.009222504366756423,444.8100001017253,448.3338099888393,0,0.0,1,0.0,-0.0007418198482218364,-0.06982154169738244,-0.06743977182755345,0.0,-0.12895876831384123,-0.12098979212856675
2022-04-21,448.5400085449219,438.05999755859375,-0.014953551807383003,0.029535583348978545,443.24833424886066,447.7847624279204,3,0.0,1,0.0,-0.015066483396335524,-0.08488802509371797,-0.08138485951303509,-0.0,-0.12895876831384123,-0.12098979212856675
2022-04-22,436.9100036621094,426.0400085449219,-0.027439138658316153,0.029710379979137613,441.1658350626628,446.9390491303943,3,0.0,1,0.0,-0.02782262309124242,-0.11271064818496039,-0.10659086772648552,-0.0,-0.12895876831384123,-0.12098979212856675
2022-04-25,423.6700134277344,428.510009765625,0.005797580441186945,0.023517348366055568,439.6650034586589,445.8923833937872,3,0.0,1,0.0,0.0057808391465373225,-0.10692980903842307,-0.10141125641523874,0.0,-0.12895876831384123,-0.12098979212856675
2022-04-26,425.8299865722656,416.1000061035156,-0.028960825603343676,0.023962316545768525,436.9425048828125,444.1500026157924,3,0.0,1,0.0,-0.02938846712083878,-0.13631827615926184,-0.12743512830732473,-0.0,-0.12895876831384123,-0.12098979212856675
2022-04-27,417.239990234375,417.2699890136719,0.002811782968023202,0.019059790067657678,434.4175033569336,442.3100019182478,3,0.0,1,0.0,0.0028078373008030367,-0.1335104388584588,-0.1249816652626039,0.0,-0.12895876831384123,-0.12098979212856675
2022-04-28,422.2900085449219,427.80999755859375,0.02525944549675363,0.028831437665107096,433.40833536783856,440.70333571661087,2,0.0,1,0.0,0.024945698119335478,-0.10856474073912334,-0.10287918732764456,0.0,-0.12895876831384123,-0.12098979212856675
2022-04-29,423.5899963378906,412.0,-0.03695565238965315,0.035650893623072166,431.2175013224284,438.47952561151413,3,0.0,1,0.0,-0.037655816727894316,-0.14622055746701765,-0.13603287223228722,-0.0,-0.12895876831384123,-0.12098979212856675
2022-05-02,412.07000732421875,414.4800109863281,0.0060194441415730715,0.026912312255518156,428.81500244140625,436.7100016276042,3,0.0,1,0.0,0.006001399663298588,-0.14021915780371905,-0.13083227036653422,0.0,-0.12895876831384123,-0.12098979212856675
2022-05-03,415.010009765625,416.3800048828125,0.00458404228460374,0.01347495529709164,427.0308354695638,434.9700012207031,2,0.0,1,0.0,0.004573567561620413,-0.13564559024209863,-0.1268479687414813,0.0,-0.12895876831384123,-0.12098979212856675
2022-05-04,417.0799865722656,429.05999755859375,0.030452933683378758,0.03855360647910078,426.288335164388,433.64904930478053,2,0.0,1,0.0,0.029998447023786144,-0.10564714321831248,-0.1002579278380582,0.0,-0.12895876831384123,-0.12098979212856675
2022-05-05,424.54998779296875,413.80999755859375,-0.03554281472701826,0.038003120031781634,423.68583424886066,431.8766682942708,3,0.0,1,0.0,-0.03618983821471714,-0.1418369814330296,-0.13223729361101355,-0.0,-0.12895876831384123,-0.12098979212856675
2022-05-06,411.1000061035156,411.3399963378906,-0.0059689259207744705,0.02235471017929269,420.9050013224284,430.20143054780505,3,0.0,1,0.0,-0.005986811165077935,-0.14782379259810755,-0.13741690492226022,-0.0,-0.12895876831384123,-0.12098979212856675
2022-05-09,405.1000061035156,398.1700134277344,-0.03201726802014637,0.024993704065849665,417.5808359781901,427.7919079008557,3,0.0,1,0.0,-0.03254103072846203,-0.18036482332656958,-0.16503445906701164,-0.0,-0.12895876831384123,-0.12098979212856675
2022-05-10,404.489990234375,399.0899963378906,0.0023105278627999493,0.028519272172548238,415.3350016276042,425.4833359491257,3,0.0,1,0.0,0.0023078626978000794,-0.1780569606287695,-0.16310524792020809,-0.0,-0.12895876831384123,-0.12098979212856675
2022-05-11,398.07000732421875,392.75,-0.015886131940332726,0.030819515647499962,412.35500081380206,423.2371448335193,3,0.0,1,0.0,-0.01601366905204431,-0.19407062968081382,-0.1764002683719197,-0.0,-0.12895876831384123,-0.12098979212856675
2022-05-12,389.3699951171875,392.3399963378906,-0.0010439303936584654,0.027651548916671542,410.375,421.0490490141369,1,0.0,1,0.0,-0.0010444756685108931,-0.19511510534932472,-0.1772600491639752,0.0,-0.12895876831384123,-0.12098979212856675
2022-05-13,396.7099914550781,401.7200012207031,0.02390784770955201,0.019135025920772986,409.07916768391925,419.0685729980469,0,0.0,1,0.0,0.02362653009661004,-0.1714885752527147,-0.1575901077148233,0.0,-0.12895876831384123,-0.12098979212856675
2022-05-16,399.9800109863281,400.0899963378906,-0.004057564666582247,0.016021114233909506,406.76916758219403,417.2733343215216,1,0.0,1,0.0,-0.004065818917765487,-0.1755543941704802,-0.161008240328539,0.0,-0.12895876831384123,-0.12098979212856675
2022-05-17,406.5299987792969,408.32000732421875,0.020570399314302268,0.014879082298538071,406.4625015258789,415.86142985026044,0,0.0,1,0.0,0.020361686007753992,-0.1551927081627262,-0.14374984481068787,-0.0,-0.12895876831384123,-0.12098979212856675
2022-05-18,403.5,391.8599853515625,-0.04031157346543268,0.03392651495107413,404.57749938964844,413.3290477934338,3,0.0,1,0.0,-0.04114660289301177,-0.196339311055738,-0.17826663584639002,-0.0,-0.12895876831384123,-0.12098979212856675
2022-05-19,388.6199951171875,389.4599914550781,-0.006124621002910446,0.018160289227596493,402.3341649373372,410.6980954124814,3,0.0,1,0.0,-0.0061434534278095535,-0.20248276448354754,-0.18329944126727749,0.0,-0.12895876831384123,-0.12098979212856675
2022-05-20,393.25,389.6300048828125,0.0004365363104414932,0.04333313150811158,399.04833221435547,408.3919052850632,3,0.0,1,0.0,0.00043644105618661204,-0.20204632342736092,-0.1829429218186328,-0.0,-0.12895876831384123,-0.12098979212856675
2022-05-23,392.8299865722656,396.9200134277344,0.01871007995678986,0.01882782420099116,397.6408335367839,407.00523885091144,0,0.0,1,0.0,0.018537199486682282,-0.18350912394067864,-0.16765571855659833,-0.0,-0.12895876831384123,-0.12098979212856675
2022-05-24,392.55999755859375,393.8900146484375,-0.007633776773134482,0.021164985068894415,396.1866683959961,405.3566676548549,1,0.0,1,0.0,-0.007663063186207389,-0.19117218712688602,-0.1740096489995322,-0.0,-0.12895876831384123,-0.12098979212856675
2022-05-25,392.30999755859375,397.3699951171875,0.008834904007038569,0.019291120661433014,396.1200002034505,404.4647623697917,0,0.0,1,0.0,0.008796104601187101,-0.18237608252569892,-0.16671210353770305,0.0,-0.12895876831384123,-0.12098979212856675
2022-05-26,398.6700134277344,405.30999755859375,0.01998138394687965,0.021558529488580724,396.6383336385091,403.8952389671689,1,0.0,1,0.0,0.01978437609715666,-0.16259170642854226,-0.15006185814020212,0.0,-0.12895876831384123,-0.12098979212856675
2022-05-27,407.9100036621094,415.260009765625,0.02454914082298898,0.01883736189804508,398.51416778564453,403.29762050083707,0,0.0,1,0.0,0.0242526532107174,-0.13833905321782486,-0.12919660700485636,0.0,-0.12895876831384123,-0.12098979212856675
2022-05-31,413.54998779296875,412.92999267578125,-0.005610983564631744,0.01568176156604162,400.23000081380206,403.34190586635043,1,0.0,1,0.0,-0.0056267842656148054,-0.14396583748343966,-0.13408267053097767,0.0,-0.12895876831384123,-0.12098979212856675
2022-06-01,415.1700134277344,409.5899963378906,-0.008088529283735268,0.02287862218603154,400.8858337402344,403.10904802594865,1,0.0,1,0.0,-0.008121418909250052,-0.15208725639268972,-0.14108666820768168,-0.0,-0.12895876831384123,-0.12098979212856675
2022-06-02,409.4200134277344,417.3900146484375,0.019043478552421167,0.0255502989341565,402.32750193277997,403.15714372907365,0,0.0,1,0.0,0.018864421193364102,-0.13322283519932562,-0.1247299705953061,0.0,-0.12895876831384123,-0.12098979212856675
2022-06-03,412.3999938964844,410.5400085449219,-0.016411523666384986,0.011061997683254443,402.5125020345052,402.2752394903274,1,1.0,1,0.0,-0.01654768451432691,-0.14977051971365254,-0.1390944853973587,0.0,-0.12895876831384123,-0.12098979212856675
2022-06-06,414.7799987792969,411.7900085449219,0.003044770239154948,0.014760681375661555,404.17333730061847,402.1790495372954,1,1.0,1,1.0,0.003040144313791592,-0.14673037539986095,-0.13647322590777222,-0.01623599887452386,-0.1451947671883651,-0.1351461684432369
2022-06-07,408.1000061035156,415.739990234375,0.009592223238758413,0.021123172097254894,406.36333719889325,402.3885730561756,0,1.0,1,1.0,0.009546509960919805,-0.13718386543894115,-0.1281900843180347,0.014184602341683597,-0.13101016484668151,-0.12279114234782074
2022-06-08,413.92999267578125,411.2200012207031,-0.010872153557139663,0.013256012419415208,408.1625035603841,403.010001046317,1,1.0,1,1.0,-0.010931687318656349,-0.1481155527575975,-0.13766853559396597,-0.011150762104447244,-0.14216092695112875,-0.1325183559236257
2022-06-09,409.3399963378906,401.44000244140625,-0.023782886898168987,0.02565760195876865,408.53916931152344,403.12190609886534,3,1.0,1,1.0,-0.02407026535921321,-0.17218581811681072,-0.15817726728066717,-0.03596416396265225,-0.178125090913781,-0.16316226385591392
2022-06-10,394.8800048828125,389.79998779296875,-0.028995652096570734,0.015471452929562313,408.1983337402344,402.9814293271019,3,1.0,1,1.0,-0.02942433294241372,-0.20161015105922445,-0.1825864663655814,-0.038805479624818964,-0.2169305705386,-0.19501414290065766
2022-06-13,379.8500061035156,375.0,-0.03796815868765324,0.022796705180565535,406.33416748046875,402.1557152157738,3,1.0,1,1.0,-0.0387077297869094,-0.24031788084613384,-0.2136221531240483,-0.00792920753183697,-0.22485977807043694,-0.20137180390498555
2022-06-14,376.8500061035156,373.8699951171875,-0.003013346354166613,0.01983325555505333,403.71416727701825,400.8295244489397,3,1.0,1,1.0,-0.003017895623606632,-0.24333577646974047,-0.21599178194192936,0.0013523536721819392,-0.223507424398255,-0.20029104551221089
2022-06-15,377.3599853515625,379.20001220703125,0.014256338190961504,0.03165645204200085,400.70916748046875,399.8347632998512,3,1.0,1,1.0,0.014155672225600201,-0.22918010424414026,-0.20481469564080046,-0.018319138875341364,-0.24182656327359636,-0.2148076530666484
2022-06-16,370.510009765625,366.6499938964844,-0.03309603878307621,0.01884205702633146,396.85250091552734,397.85047694614957,3,0.0,1,1.0,-0.03365610467930433,-0.2628362089234446,-0.23113217931360475,-0.01358679596797214,-0.2554133592415685,-0.2254037547405282
2022-06-17,365.510009765625,365.8599853515625,-0.0021546667341413306,0.019907753783477533,393.2083333333333,396.61238170805433,1,0.0,1,0.0,-0.0021569913683171533,-0.26499320029176177,-0.2327888332297895,0.0,-0.2554133592415685,-0.2254037547405282
2022-06-21,371.8900146484375,375.07000732421875,0.025173624723693555,0.012694659239116612,389.6816660563151,395.92714436848956,0,0.0,1,0.0,0.02486198821984487,-0.2401312120719169,-0.2134753472336891,-0.0,-0.2554133592415685,-0.2254037547405282
2022-06-22,370.6199951171875,374.3900146484375,-0.0018129753446093355,0.023069881446568408,386.6691665649414,395.20143054780505,1,0.0,1,0.0,-0.0018146207734581258,-0.24194583284537502,-0.21490129703708194,0.0,-0.2554133592415685,-0.2254037547405282
2022-06-23,376.6400146484375,378.05999755859375,0.0098025662185528,0.01592955480298497,383.85833231608075,394.30333455403644,0,0.0,1,0.0,0.009754832753127888,-0.23219100009224714,-0.20720531501318795,0.0,-0.2554133592415685,-0.2254037547405282
2022-06-24,381.3999938964844,390.0799865722656,0.03179386629448655,0.022864937809340846,381.7199986775716,394.1219046456473,1,0.0,1,0.0,0.03129890514558157,-0.20089209494666557,-0.18199930679973775,0.0,-0.2554133592415685,-0.2254037547405282
2022-06-27,391.04998779296875,388.5899963378906,-0.0038197043828572808,0.010117651469788713,379.8341649373372,393.7038094656808,0,0.0,1,0.0,-0.0038270180837005926,-0.20471911303036616,-0.18512382763273505,-0.0,-0.2554133592415685,-0.2254037547405282
2022-06-28,390.2300109863281,380.6499938964844,-0.02043285343481205,0.03319056296041922,378.10166422526044,392.52952357700894,1,0.0,1,0.0,-0.02064449206841294,-0.2253636050987791,-0.20177407303023598,-0.0,-0.2554133592415685,-0.2254037547405282
2022-06-29,381.2300109863281,380.3399963378906,-0.000814390026440015,0.010173815996316726,377.3133316040039,390.86666579473587,0,0.0,1,0.0,-0.0008147218221505732,-0.22617832692092965,-0.20242414026400601,-0.0,-0.2554133592415685,-0.2254037547405282
2022-06-30,376.239990234375,377.25,-0.008124300277758567,0.02174148098721118,377.5008316040039,389.1676185244606,1,0.0,1,0.0,-0.00815748224765673,-0.23433580916858637,-0.20890388604279264,0.0,-0.2554133592415685,-0.2254037547405282
2022-07-01,376.55999755859375,381.239990234375,0.010576514869118592,0.021134362418540276,378.11499786376953,387.817618233817,0,0.0,1,0.0,0.010520974806040478,-0.2238148343625459,-0.2005368462306223,-0.0,-0.2554133592415685,-0.2254037547405282
2022-07-05,375.8800048828125,381.9599914550781,0.00188857737683934,0.024349737834440166,378.3449961344401,386.1304742722284,1,0.0,1,0.0,0.0018867962567546738,-0.22192803810579123,-0.19902699820479686,0.0,-0.2554133592415685,-0.2254037547405282
2022-07-06,382.1099853515625,383.25,0.0033773394433473936,0.01651735751543182,379.7283299763997,384.83095005580356,0,0.0,1,0.0,0.003371649041169943,-0.2185563890646213,-0.19632184049277757,0.0,-0.2554133592415685,-0.2254037547405282
2022-07-07,385.1199951171875,388.989990234375,0.014977143468688947,0.017115865438553035,381.6558303833008,383.74523489815846,1,0.0,1,0.0,0.014866093490139646,-0.20369029557448165,-0.18428503739518598,0.0,-0.2554133592415685,-0.2254037547405282
2022-07-08,387.2699890136719,388.6700134277344,-0.0008225836516971841,0.012912956850696045,382.78916422526044,382.45618838355654,0,1.0,1,0.0,-0.0008229221592758011,-0.20451321773375744,-0.18495603118786952,-0.0,-0.2554133592415685,-0.2254037547405282
2022-07-11,385.8500061035156,384.2300109863281,-0.0114235785834087,0.008787470970502032,383.60916392008465,381.1709507533482,1,1.0,1,1.0,-0.011489328872573118,-0.21600254660633056,-0.1942667500145282,-0.005718046007373902,-0.2611314052489424,-0.22982029269085869
2022-07-12,383.6499938964844,380.8299865722656,-0.008848929851508869,0.018918740896824993,383.8399963378906,380.1895214262463,1,1.0,1,1.0,-0.008888314142629599,-0.22489086074896017,-0.2013966270226779,-0.022537989355057683,-0.2836693946040001,-0.24698444543593123
2022-07-13,375.1000061035156,378.8299865722656,-0.005251687289652196,0.0193775948717827,382.9024963378906,379.6671404157366,1,1.0,1,1.0,-0.0052655258712118085,-0.230156386620172,-0.2055906422060163,-0.003980239975617503,-0.2876496345796176,-0.24997567120129238
2022-07-14,373.6099853515625,377.9100036621094,-0.0024284849213771498,0.02158791252581893,382.0124969482422,379.8057120186942,1,1.0,1,1.0,-0.0024314384736241856,-0.23258782509379616,-0.20751985335281986,0.02364689838429785,-0.2640027361953198,-0.23202856166602392
2022-07-15,382.54998779296875,385.1300048828125,0.019105080973613298,0.012377125530342648,382.38583119710285,380.3419029599144,0,1.0,1,1.0,0.018924870585949317,-0.21366295450784684,-0.19237945598114448,0.015124922589504722,-0.24887781360581507,-0.22032476672976054
2022-07-18,388.3800048828125,381.95001220703125,-0.008256933075751594,0.022145727406822857,382.51999918619794,380.47285534086683,1,1.0,1,1.0,-0.008291210361567363,-0.2219541648694142,-0.19904792476371025,-0.0059396872606764205,-0.25481750086649146,-0.22494206754405588
2022-07-19,386.0799865722656,392.2699890136719,0.027019181769385003,0.019408859037443937,383.7716649373372,381.6928551083519,0,1.0,1,1.0,0.026660608249491968,-0.19529355661992223,-0.17740685505433484,0.01641553719354097,-0.2384019636729505,-0.21211407408665828
2022-07-20,392.4700012207031,394.7699890136719,0.006373161521445958,0.013374961007224462,384.899164835612,383.06952194940476,1,1.0,1,1.0,0.0063529388038422304,-0.18894061781608001,-0.1721643360751619,0.004296823236034925,-0.23410514043691558,-0.20872138385759187
2022-07-21,394.1600036621094,398.7900085449219,0.010183194374258298,0.018410212101178436,386.3016662597656,384.1990458170573,0,1.0,1,1.0,0.01013169497427413,-0.17880892284180588,-0.16373432459947213,0.012004001667256629,-0.22210113876965895,-0.19916563516372676
2022-07-22,398.9200134277344,395.0899963378906,-0.009278096561475047,0.01891786804781992,387.28833262125653,385.18475923084077,1,1.0,1,1.0,-0.00932140619483879,-0.18813032903664467,-0.17149327828688543,-0.007978230432763583,-0.23007936920242253,-0.20552945649249033
2022-07-25,395.75,395.57000732421875,0.0012149408761987779,0.008290760246354001,387.83666737874347,386.01856921968005,0,1.0,1,1.0,0.0012142034327721227,-0.18691612560387255,-0.17048669160447072,-0.004837972609646242,-0.23491734181206878,-0.20936380051658976
2022-07-26,393.8399963378906,390.8900146484375,-0.01183100990754693,0.010539774901662025,388.02166748046875,386.05714198521207,1,1.0,1,1.0,-0.011901553256690168,-0.19881767886056273,-0.18030067177454023,0.0013194344105286451,-0.23359790740154013,-0.2083199193938866
2022-07-27,394.3599853515625,401.0400085449219,0.025966367817333857,0.022408367880683677,389.42250061035156,386.6499997093564,0,1.0,1,1.0,0.025634966306172267,-0.17318271255439047,-0.15901605751821646,0.01891429522107034,-0.21468361218046977,-0.19320333956289293
2022-07-28,401.8900146484375,406.07000732421875,0.012542386475471679,0.021725465349958784,391.52583567301434,387.8604765392485,1,1.0,1,1.0,0.012464382307969491,-0.160718330246421,-0.1484681118919441,0.014058743703163049,-0.20062486847730673,-0.18178068615324994
2022-07-29,407.5799865722656,411.989990234375,0.014578724858715253,0.015389556591439257,394.28916931152344,389.3676191057478,0,1.0,1,1.0,0.014473476936627391,-0.1462448533097936,-0.13605386278679443,0.003844622569603107,-0.19678024590770363,-0.1786288868552517
2022-08-01,409.1499938964844,410.7699890136719,-0.002961239956361772,0.0122674090119963,397.0275014241536,390.96380905877976,1,1.0,1,1.0,-0.002965633102317808,-0.1492104864121114,-0.13861221460845463,-7.332244787923478e-05,-0.19685356835558288,-0.17868910958801865
2022-08-02,409.1199951171875,408.05999755859375,-0.006597345296781021,0.015190975282727504,398.93833414713544,392.24095226469495,1,1.0,1,1.0,-0.006619203971790231,-0.15582969038390163,-0.14429508726311213,0.0028800700887011317,-0.19397349826688173,-0.1763202670802162
2022-08-03,410.29998779296875,414.45001220703125,0.015659497835290637,0.01385364067263728,401.64666748046875,393.78809611002606,0,1.0,1,1.0,0.015538153058459486,-0.14029153732544214,-0.13089517803446127,0.00987071302195595,-0.1841027852449258,-0.16814970250421724
2022-08-04,414.3699951171875,414.1700134277344,-0.0006755911956808358,0.006425162158854469,403.47166951497394,395.26047770182294,1,1.0,1,1.0,-0.0006758195102500098,-0.14096735683569214,-0.13148233760030492,-0.01143172640672164,-0.19553451165164742,-0.17760503913398773
2022-08-05,409.6600036621094,413.4700012207031,-0.00169015666112049,0.01110836846965002,405.0300038655599,396.42619251069567,0,1.0,1,1.0,-0.001691586587316715,-0.14265894342300886,-0.13295026851271063,0.013553192181507379,-0.18198131947014004,-0.16638308732408513
2022-08-08,415.25,412.989990234375,-0.0011609330420851993,0.014059220391193783,406.21333567301434,397.58428664434524,1,1.0,1,1.0,-0.0011616074468590203,-0.1438205508698679,-0.13395685519512535,-0.007323558116962543,-0.18930487758710257,-0.172465828390453
2022-08-09,412.2200012207031,411.3500061035156,-0.003971002129927292,0.0061674193646537034,407.5683364868164,398.87571498325894,0,1.0,1,1.0,-0.003978907493970385,-0.1477994583638383,-0.13739591436775445,0.01578852907282555,-0.17351634851427702,-0.1592965932021172
2022-08-10,418.7799987792969,419.989990234375,0.021003972292843898,0.008206981708859917,409.6033350626628,400.74047706240697,1,1.0,1,1.0,0.020786429765404738,-0.12701302859843355,-0.11927780205344074,0.010002795568497196,-0.16351355294577982,-0.150845009627947
2022-08-11,422.989990234375,419.989990234375,0.0,0.013692471241034898,412.02833302815753,402.7004772367932,1,1.0,1,1.0,0.0,-0.12701302859843355,-0.11927780205344074,-0.0022721163535929624,-0.16578566929937277,-0.15277219834071643
2022-08-12,422.0299987792969,427.1000061035156,0.016929012677594724,0.014678271604634086,414.1999994913737,405.04285830543154,0,1.0,1,1.0,0.01678731391991028,-0.11022571467852327,-0.10436804479896433,0.006471421436636207,-0.15931424786273657,-0.1472716512005796
2022-08-15,424.7699890136719,428.8599853515625,0.004120766150540245,0.011066403667426616,416.09916432698566,407.125238327753,1,1.0,1,1.0,0.0041122990463738915,-0.10611341563214938,-0.10067735495462982,0.006944360980704275,-0.1523698868820323,-0.14132938900118497
2022-08-16,427.7300109863281,429.70001220703125,0.0019587438421893033,0.01136152091463516,417.5749994913737,409.3990478515625,0,1.0,1,1.0,0.0019568280048181492,-0.10415658762733122,-0.0989158122615057,-0.004264116139602526,-0.15663400302163483,-0.14498306482698342
2022-08-17,425.9100036621094,426.6499938964844,-0.0070980177423810575,0.011683213254925384,418.8983332316081,411.03619094122024,1,1.0,1,1.0,-0.007123328512293311,-0.11127991613962454,-0.10531172381345266,0.0022279913567861873,-0.15440601166484863,-0.14307597077987788
2022-08-18,426.8599853515625,427.8900146484375,0.002906412210693654,0.007309013752203386,420.5508346557617,412.6133350190662,0,1.0,1,1.0,0.0029021967606395493,-0.108377719378985,-0.10271139088277959,-0.004413921453709503,-0.15881993311855813,-0.14685003080698567
2022-08-19,424.9800109863281,422.1400146484375,-0.013438032679318979,0.009591207761297849,421.1916681925456,413.72524007161456,1,1.0,1,1.0,-0.01352914016466342,-0.12190685954364841,-0.1147691845348775,-0.01883604542731258,-0.1776559785458707,-0.16276960082961467
2022-08-22,417.04998779296875,413.3500061035156,-0.020822495475209313,0.011711971778195718,421.12333424886066,414.5947643461682,1,1.0,1,1.0,-0.02104234080823713,-0.14294920035188555,-0.13320189918441583,-0.01000067130769664,-0.18765664985356734,-0.17110073893825084
2022-08-23,412.8999938964844,412.3500061035156,-0.0024192572522898637,0.008864231273399747,421.0300013224284,415.39381190708707,0,1.0,1,1.0,-0.0024221883835108577,-0.1453713887353964,-0.13529890677608503,-0.001915149649723989,-0.18957179950329134,-0.17268668592008196
2022-08-24,412.1099853515625,413.6700134277344,0.003201181774415529,0.009042442866057376,421.086669921875,416.47857375372024,1,1.0,1,1.0,0.0031960689006255184,-0.14217531983477089,-0.13253084139613946,0.007566374346765591,-0.18200542515652574,-0.16640318198974913
2022-08-25,415.239990234375,419.510009765625,0.014117523988503633,0.013209691779754396,421.7666702270508,417.3580976213728,0,1.0,1,1.0,0.014018799822279613,-0.12815652001249128,-0.1202843247402624,0.009944666718423034,-0.1720607584381027,-0.15807198261688826
2022-08-26,419.3900146484375,405.30999755859375,-0.033849042636585946,0.036298560037206995,420.54333750406903,417.32190668015255,3,1.0,1,1.0,-0.03443518641605107,-0.16259170642854234,-0.15006185814020223,-0.041851801836240876,-0.21391256027434358,-0.19258101756955903
2022-08-29,402.20001220703125,402.6300048828125,-0.006612204712255654,0.011565264181659707,419.09667205810547,416.8761930919829,0,1.0,1,1.0,-0.006634162182883885,-0.16922586861142622,-0.15568182312693335,0.004094029312427754,-0.20981853096191583,-0.18926864473892346
2022-08-30,403.8500061035156,398.2099914550781,-0.010977854044983193,0.020454560867463778,416.68917083740234,416.2780979701451,1,1.0,1,1.0,-0.011038555340141412,-0.18026442395156764,-0.1649506248401722,-0.009754023521685147,-0.21957255448360097,-0.1971380956510873
2022-08-31,399.92999267578125,395.17999267578125,-0.00760904759879355,0.015694566513123398,413.8825047810872,415.6647644042969,1,0.0,1,1.0,-0.007638144093185962,-0.1879025680447536,-0.17130455528310617,-0.017759801724516137,-0.2373323562081171,-0.21127089456369552
2022-09-01,392.8900146484375,396.4200134277344,0.0031378631887633013,0.017280253529680545,411.1091715494792,414.8061930338542,0,0.0,1,0.0,0.003132950370552341,-0.18476961767420128,-0.1687042223524332,0.0,-0.2373323562081171,-0.21127089456369552
2022-09-02,400.2799987792969,392.239990234375,-0.010544430280438832,0.028770556638361144,408.2416712443034,413.7619062151228,1,0.0,1,0.0,-0.01060041669643158,-0.19537003437063286,-0.17746976272226112,-0.0,-0.2373323562081171,-0.21127089456369552
2022-09-06,393.1300048828125,390.760009765625,-0.003773150381391921,0.014674788868760613,405.14750417073566,412.68047805059524,1,0.0,1,0.0,-0.0037802866698074516,-0.1991503210404403,-0.1805732930007521,-0.0,-0.2373323562081171,-0.21127089456369552
2022-09-07,390.42999267578125,397.7799987792969,0.017964962734754897,0.02150175260990972,403.1175028483073,411.9561927432106,0,0.0,1,0.0,0.017805499790206458,-0.18134482125023385,-0.16585232274564765,0.0,-0.2373323562081171,-0.21127089456369552
2022-09-08,395.3900146484375,400.3800048828125,0.006536291697658347,0.017101365873027907,402.0366694132487,411.4338117327009,1,0.0,1,0.0,0.006515022772704955,-0.17482979847752889,-0.16040009020818902,0.0,-0.2373323562081171,-0.21127089456369552
2022-09-09,402.739990234375,406.6000061035156,0.01553524437995768,0.012547876603308472,401.55750274658203,410.7961934407552,0,0.0,1,0.0,0.015415807866336319,-0.15941399061119257,-0.14735670042818283,0.0,-0.2373323562081171,-0.21127089456369552
2022-09-12,408.7799987792969,410.9700012207031,0.010747651381183054,0.008005727855012301,401.3325017293294,410.3666701543899,1,0.0,1,0.0,0.01069030589635327,-0.1487236847148393,-0.13819278749188324,-0.0,-0.2373323562081171,-0.21127089456369552
2022-09-13,401.8299865722656,393.1000061035156,-0.043482480629019826,0.028526210177431288,399.1316680908203,408.74762253534226,3,0.0,1,0.0,-0.04445617414726737,-0.19317985886210667,-0.17566630291571705,-0.0,-0.2373323562081171,-0.21127089456369552
2022-09-14,394.4700012207031,394.6000061035156,0.003815822886568565,0.012988385030843652,398.23916880289715,407.1161949521019,0,0.0,1,0.0,0.0038085611016787993,-0.18937129776042788,-0.1725207915282132,-0.0,-0.2373323562081171,-0.21127089456369552
2022-09-15,392.9599914550781,390.1199951171875,-0.011353296799374357,0.01846800940975668,397.19666798909503,405.23143223353793,1,0.0,1,0.0,-0.011418237468483304,-0.2007895352289112,-0.1819154085773047,-0.0,-0.2373323562081171,-0.21127089456369552
2022-09-16,384.1400146484375,385.55999755859375,-0.011688705054002657,0.010834615181878782,396.1425018310547,403.27476574125745,1,0.0,1,0.0,-0.011757555003970535,-0.2125470902328817,-0.1914777580756689,-0.0,-0.2373323562081171,-0.21127089456369552
2022-09-19,382.260009765625,388.54998779296875,0.007754928554071894,0.016667526399246624,395.5900014241536,401.40143112909226,0,0.0,1,0.0,0.00772501365470151,-0.2048220765781802,-0.18520772585516765,0.0,-0.2373323562081171,-0.21127089456369552
2022-09-20,385.05999755859375,384.0899963378906,-0.011478552554876287,0.012906565458041364,394.5625,399.5895254952567,1,0.0,1,0.0,-0.011544939646675469,-0.21636701622485566,-0.19456036179524627,0.0,-0.2373323562081171,-0.21127089456369552
2022-09-21,386.1099853515625,377.3900146484375,-0.017443780763191308,0.03161267825910885,393.3250020345052,397.8771449497768,1,0.0,1,0.0,-0.017597716278495924,-0.2339647325033516,-0.20861027426207412,-0.0,-0.2373323562081171,-0.21127089456369552
2022-09-22,376.5799865722656,374.2200012207031,-0.008399833871300055,0.013014099506720722,391.94666798909503,396.0614304315476,1,0.0,1,0.0,-0.008435311285113283,-0.2424000437884649,-0.2152578164857264,-0.0,-0.2373323562081171,-0.21127089456369552
2022-09-23,370.5799865722656,367.95001220703125,-0.016754820675589754,0.020176680888154053,389.46083577473956,393.88428751627606,1,0.0,1,0.0,-0.016896770479683878,-0.25929681426814877,-0.2284060310470788,-0.0,-0.2373323562081171,-0.21127089456369552
2022-09-26,366.4100036621094,364.30999755859375,-0.009892687940418976,0.01977795967254581,386.4550018310547,391.2557155064174,1,0.0,1,0.0,-0.009941945708146676,-0.2692387599762954,-0.23603916939863945,0.0,-0.2373323562081171,-0.21127089456369552
2022-09-27,368.0199890136719,363.3800048828125,-0.0025527509044867003,0.02640839889224411,382.8533350626628,389.2590491885231,1,0.0,1,0.0,-0.0025560147287469804,-0.27179477470504243,-0.23798937109994944,-0.0,-0.2373323562081171,-0.21127089456369552
2022-09-28,364.3800048828125,370.5299987792969,0.019676354781243965,0.026751190088739163,379.4833348592122,387.730477469308,0,0.0,1,0.0,0.019485277712052225,-0.2523094969929902,-0.22299577961863326,0.0,-0.2373323562081171,-0.21127089456369552
2022-09-29,366.80999755859375,362.7900085449219,-0.020888970555351105,0.020600425057162086,376.9575017293294,386.04381161644346,1,0.0,1,0.0,-0.0211102318049051,-0.27341972879789533,-0.23922659789956313,-0.0,-0.2373323562081171,-0.21127089456369552
2022-09-30,361.79998779296875,357.17999267578125,-0.015463534653672784,0.024843140558214127,373.83916727701825,384.23428780691967,1,0.0,1,0.0,-0.015584342130975551,-0.28900407092887087,-0.2509908437665358,-0.0,-0.2373323562081171,-0.21127089456369552
2022-10-03,361.0799865722656,366.6099853515625,0.02640123430525132,0.026001493722533686,371.8799997965495,382.8147626604353,0,0.0,1,0.0,0.026058736876293866,-0.26294533405257703,-0.23121607753603757,0.0,-0.2373323562081171,-0.21127089456369552
2022-10-04,372.3999938964844,377.9700012207031,0.030986651545366062,0.03118092710097753,371.2475001017253,382.13523937406995,0,0.0,1,0.0,0.03051625785631023,-0.2324290761962668,-0.207394038016967,0.0,-0.2373323562081171,-0.21127089456369552
2022-10-05,373.3900146484375,377.0899963378906,-0.0023282400189708063,0.022941040485253694,370.29250081380206,381.48428635370163,1,0.0,1,0.0,-0.0023309545840216068,-0.2347600307802884,-0.20923941493693077,0.0,-0.2373323562081171,-0.21127089456369552
2022-10-06,375.6199951171875,373.20001220703125,-0.010315797736977772,0.016206956809126316,369.38500213623047,380.31381080264134,1,0.0,1,0.0,-0.010369374353980875,-0.24512940513426928,-0.21739674119081553,-0.0,-0.2373323562081171,-0.21127089456369552
2022-10-07,368.9700012207031,362.7900085449219,-0.027893899575583303,0.034216229899650674,368.1683349609375,378.52381097702755,1,0.0,1,0.0,-0.02829032366362611,-0.2734197287978954,-0.23922659789956324,-0.0,-0.2373323562081171,-0.21127089456369552
2022-10-10,363.9599914550781,360.0199890136719,-0.00763532474987394,0.01828494920406598,366.98500061035156,376.3057149251302,1,0.0,1,0.0,-0.007664623071973914,-0.2810843518698693,-0.24503534988566644,-0.0,-0.2373323562081171,-0.21127089456369552
2022-10-11,358.239990234375,357.739990234375,-0.006332978303630554,0.020578582272247514,366.13416544596356,373.7709524972098,1,0.0,1,0.0,-0.006353116679683497,-0.2874374685495528,-0.2498165246348486,-0.0,-0.2373323562081171,-0.21127089456369552
2022-10-12,358.1700134277344,356.55999755859375,-0.0032984645496528797,0.009879370339174187,365.4883321126302,372.0309520903088,0,0.0,1,0.0,-0.003303916475803451,-0.2907413850253563,-0.252290978234076,-0.0,-0.2373323562081171,-0.21127089456369552
2022-10-13,349.2099914550781,365.9700012207031,0.026391080677980572,0.05572958326509969,365.7041651407878,370.6676185244606,3,0.0,1,0.0,0.02604884437309545,-0.26469254065226083,-0.23255812911699747,0.0,-0.2373323562081171,-0.21127089456369552
2022-10-14,368.54998779296875,357.6300048828125,-0.022788743093893893,0.03725912883494842,364.62916564941406,369.12047613234745,3,0.0,1,0.0,-0.023052420113011996,-0.28774496076527284,-0.2500471647520476,-0.0,-0.2373323562081171,-0.21127089456369552
2022-10-17,364.010009765625,366.82000732421875,0.0256969558368505,0.029948534044977437,364.96499888102215,368.2280956449963,2,0.0,1,0.0,0.025372338438406875,-0.262372622326866,-0.23077565986496007,0.0,-0.2373323562081171,-0.21127089456369552
2022-10-18,375.1300048828125,371.1300048828125,0.011749625081884707,0.02157712078366547,366.1274998982747,367.39857264927457,0,0.0,1,0.0,0.011681134209780814,-0.2506914881170852,-0.22173756226451324,-0.0,-0.2373323562081171,-0.21127089456369552
2022-10-19,368.989990234375,368.5,-0.007086478722309053,0.017234355138632695,366.28500111897785,366.65619187127976,1,0.0,1,0.0,-0.007111707070068097,-0.2578031951871533,-0.22725270246989815,-0.0,-0.2373323562081171,-0.21127089456369552
2022-10-20,368.0299987792969,365.4100036621094,-0.008385336059404724,0.022105889580616545,365.2383346557617,366.0857151576451,1,0.0,1,0.0,-0.008420690769296463,-0.26622388595644975,-0.2337324482486849,-0.0,-0.2373323562081171,-0.21127089456369552
2022-10-21,365.1199951171875,374.2900085449219,0.02430148270112431,0.03097315008907886,365.00500233968097,366.0890488397507,0,0.0,1,0.0,0.024010899985540957,-0.2422129859709088,-0.2151110105953674,0.0,-0.2373323562081171,-0.21127089456369552
2022-10-24,375.8900146484375,378.8699951171875,0.012236464954195947,0.018627247942674563,365.47750091552734,366.60904802594865,1,0.0,1,0.0,0.01216220459272166,-0.23005078137818713,-0.20550674398358337,0.0,-0.2373323562081171,-0.21127089456369552
2022-10-25,378.7900085449219,384.9200134277344,0.015968586556123432,0.017376571523853634,367.32166798909503,367.5904773530506,0,0.0,1,0.0,0.015842429934322933,-0.2142083514438642,-0.19281980965662882,0.0,-0.2373323562081171,-0.21127089456369552
2022-10-26,381.6199951171875,382.0199890136719,-0.007534096209333541,0.01633664709332372,369.1550013224284,368.4780956449963,1,1.0,1,0.0,-0.007562620874207404,-0.22177097231807158,-0.19890118286894398,0.0,-0.2373323562081171,-0.21127089456369552
2022-10-27,383.07000732421875,379.9800109863281,-0.00533997718970336,0.014947443198388477,371.0083363850911,368.92809622628346,1,1.0,1,1.0,-0.0053542858291678735,-0.22712525814723944,-0.20317903227912215,-0.008388683152477018,-0.2457210393605941,-0.21785961912364482
2022-10-28,379.8699951171875,389.0199890136719,0.023790667313994707,0.02591655216948241,373.71333567301434,370.1771429152716,0,1.0,1,1.0,0.02351207926820392,-0.20361317887903552,-0.18422212972725938,0.017147546894979646,-0.22857349246561448,-0.20433218053418833
2022-10-31,386.44000244140625,386.2099914550781,-0.007223272936998093,0.008150298632784603,375.4000015258789,371.5595238095238,1,1.0,1,1.0,-0.007249487083864056,-0.21086266596289957,-0.19011471594020246,0.009529063646409859,-0.21904442881920463,-0.1967139716889178
2022-11-01,390.1400146484375,384.5199890136719,-0.004375864112264538,0.01852384864001344,377.6408335367839,372.4123811267671,1,1.0,1,1.0,-0.0043854662275687375,-0.21524813219046832,-0.19365866388977082,-0.016123600505364075,-0.2351680293245687,-0.20956197829734535
2022-11-02,383.8999938964844,374.8699951171875,-0.025096208707478307,0.037010339299173856,378.31166585286456,372.2647617885045,3,1.0,1,1.0,-0.025416488450460573,-0.2406646206409289,-0.21389477435026005,-0.03291397562605086,-0.26808200495061957,-0.23515494255009362
2022-11-03,371.4700012207031,371.010009765625,-0.010296863984421645,0.014669604752728604,378.3016662597656,371.9752386183966,1,1.0,1,1.0,-0.010350243431810614,-0.2510148640727395,-0.22198919293621855,0.01477707696602192,-0.25330492798459764,-0.22376884886783088
2022-11-04,377.0,376.3500061035156,0.014393132792465568,0.023972959776182412,378.9558334350586,372.125238327753,0,1.0,1,1.0,0.01429053495439394,-0.23672432911834554,-0.21079118007617625,0.0018814953361308028,-0.25142343264846684,-0.22230699877640048
2022-11-07,377.7099914550781,379.95001220703125,0.009565580032235843,0.013421054406585364,380.16750081380206,372.94238135928197,1,1.0,1,1.0,0.009520119545588271,-0.22720420957275728,-0.20324193994704842,0.008961326147233512,-0.24246210650123332,-0.21530651820316316
2022-11-08,381.1099853515625,382.0,0.005395414467974202,0.01959121537797648,380.8100001017253,373.98904854910717,0,1.0,1,1.0,0.005380911362788072,-0.2218232982099692,-0.1989430999823637,-0.0031010029839135637,-0.24556310948514687,-0.21773608603618488
2022-11-09,379.92999267578125,374.1300048828125,-0.02060208145860598,0.02015478598568321,380.41500091552734,374.769525437128,1,1.0,1,1.0,-0.020817264954697857,-0.24264056316466706,-0.21544653948950543,0.021147159895318804,-0.22441594958982808,-0.20101727129612657
2022-11-10,388.04998779296875,394.69000244140625,0.054954153075837064,0.024375048074442462,381.2291666666667,376.58523995535717,3,1.0,1,1.0,0.05349730918360128,-0.1891432539810658,-0.17233206852443406,0.01924414627030046,-0.2051718033195276,-0.18549263067975752
2022-11-11,395.5899963378906,398.510009765625,0.009678500343534457,0.014583016096063384,382.6033350626628,378.13476417178197,0,1.0,1,1.0,0.009631963688169896,-0.1795112902928959,-0.16432148416531533,0.002701187692824569,-0.20247061562670304,-0.18328951922883396
2022-11-14,396.6600036621094,395.1199951171875,-0.00850672396016161,0.013550151420772094,383.86500040690106,379.92000180199034,1,1.0,1,1.0,-0.008543112649075422,-0.18805440294197132,-0.1714303706189585,0.011255907178713753,-0.1912147084479893,-0.17404477045376476
2022-11-15,401.1499938964844,398.489990234375,0.008529042212070292,0.019823081745553806,384.65416717529297,381.42809622628346,0,1.0,1,1.0,0.008492875431373566,-0.17956152751059776,-0.1643634652743282,-0.01095343914651692,-0.20216814759450621,-0.1830424530539143
2022-11-16,396.7799987792969,395.45001220703125,-0.007628743762310708,0.00757362184872723,385.4241689046224,382.58619181315106,1,1.0,1,1.0,-0.007657991471811043,-0.1872195189824088,-0.17073832227617558,-0.016056458467690167,-0.21822460606219637,-0.19605514950071035
2022-11-17,390.4599914550781,394.239990234375,-0.0030598607543417256,0.012328900850962832,386.23416900634766,383.8119056338356,1,1.0,1,1.0,-0.0030645516997969695,-0.19028407068220576,-0.17327574753892228,0.01847299155815718,-0.1997516145040392,-0.18106586081982323
2022-11-18,397.739990234375,396.0299987792969,0.004540403280391958,0.012136141130596023,387.99750264485675,385.2700006394159,0,1.0,1,1.0,0.004530126744089201,-0.18575394393811656,-0.16952208603106844,-0.007824506884605616,-0.2075761213886448,-0.18744861312102723
2022-11-21,394.6400146484375,394.5899963378906,-0.0036360943510462818,0.008047684084546036,389.9625015258789,386.2366667247954,1,1.0,1,1.0,-0.0036427210104271073,-0.18939666494854368,-0.17254178208271953,0.005029874456900641,-0.20254624693174417,-0.18335128577256388
2022-11-22,396.6300048828125,399.8999938964844,0.01345699994392846,0.012451002160519531,391.9250005086263,387.23809523809524,0,1.0,1,1.0,0.013367258722167092,-0.17602940622637658,-0.16140667689060362,0.007335014767658079,-0.1952112321640861,-0.17733913273373936
2022-11-23,399.54998779296875,402.4200134277344,0.006301624330362854,0.009065626053242681,393.79750061035156,388.07142857142856,1,1.0,1,1.0,0.006281852116995351,-0.16974755410938122,-0.15612217680241758,0.005690196920583261,-0.18952103524350283,-0.17264468690606405
2022-11-25,401.8299865722656,402.3299865722656,-0.0002237136634978265,0.0034118520895389803,395.49166615804035,389.038571312314,0,1.0,1,1.0,-0.00022373869113219644,-0.16997129280051343,-0.15631096380178966,-0.006842134001330596,-0.19636316924483344,-0.1782862406825092
2022-11-28,399.0899963378906,395.9100036621094,-0.015957008238070003,0.0144263937089808,397.3066660563151,389.7971423921131,1,1.0,1,1.0,-0.016085692069329978,-0.1860569848698434,-0.16977371670277386,-0.007646511099431466,-0.2040096803442649,-0.18454552273098745
2022-11-29,396.04998779296875,395.2300109863281,-0.0017175435565947028,0.010170353735443172,397.3516667683919,390.0928577241443,1,1.0,1,1.0,-0.0017190202256002212,-0.18777600509544362,-0.17119966650616658,-0.0014149573428254877,-0.20542463768709038,-0.1856985401037684
2022-11-30,395.489990234375,407.67999267578125,0.03150059798946736,0.036088190741528026,398.11583201090497,391.11523873465404,0,1.0,1,1.0,0.0310146332570357,-0.1567613718384079,-0.14509196038724081,0.03302714605598456,-0.17239749163110582,-0.15835543999902735
2022-12-01,408.7699890136719,407.3800048828125,-0.0007358413421266752,0.012970969734404036,399.1374994913737,392.2038109188988,1,1.0,1,1.0,-0.0007361122062505647,-0.15749748404465846,-0.1457210370665044,-0.016078837929009916,-0.18847632956011573,-0.17177989245911118
2022-12-02,402.25,406.9100036621094,-0.0011537169597666264,0.014223828753091361,399.83916727701825,393.72952561151413,0,1.0,1,1.0,-0.0011543830035115122,-0.15865186704816997,-0.14670663319441257,0.004217352272388468,-0.18425897728772725,-0.16827962075512548
2022-12-05,403.95001220703125,399.5899963378906,-0.017989253786685366,0.016977620162432983,400.18416595458984,395.0904773530506,1,1.0,1,1.0,-0.01815302749679934,-0.1768048945449693,-0.16205674412437354,-0.01127760968613219,-0.19553658697385945,-0.17760674586674607
2022-12-06,399.4200134277344,393.8299865722656,-0.014414799715742554,0.021320537416057883,400.1499989827474,395.922857375372,1,1.0,1,1.0,-0.014519702260977834,-0.19132459680594716,-0.1741355283309779,-0.016356593787553365,-0.2118931807614128,-0.19094888482501282
2022-12-07,392.94000244140625,393.1600036621094,-0.0017011983165312605,0.00936299567901866,399.91083272298175,396.5519045875186,1,1.0,1,1.0,-0.0017026469976163603,-0.1930272438035635,-0.17554048757986418,0.005583234885575546,-0.20630994587583726,-0.18641912883570588
2022-12-08,395.1400146484375,396.239990234375,0.007833926502128774,0.010399970636326472,400.04833221435547,397.2299993605841,0,1.0,1,1.0,0.007803400621268784,-0.18522384318229473,-0.16908173235558388,-0.0005063087458931536,-0.20681625462173042,-0.1868309476837281
2022-12-09,394.94000244140625,393.2799987792969,-0.007470198687737906,0.011369709500440806,399.49666595458984,398.14190383184524,1,1.0,1,1.0,-0.007498240360482925,-0.19272208354277767,-0.17528885690815876,-0.002103839829750592,-0.20892009445148102,-0.18853992678481246
2022-12-12,394.1099853515625,398.95001220703125,0.014417243300787197,0.01408202255497315,399.20749918619794,398.34476143973217,0,1.0,1,1.0,0.014314303078420583,-0.1784077804643571,-0.16339879570533333,0.0400635831483582,-0.16885651130312282,-0.15536991043770232
2022-12-13,410.2200012207031,401.9700012207031,0.007569843141412624,0.028616490090868307,399.17750040690106,398.50952293759303,1,1.0,1,1.0,0.007541335653240813,-0.1708664448111163,-0.1570658558169058,-0.02121217213785491,-0.19006868344097771,-0.1730976625049948
2022-12-14,401.6099853515625,399.3999938964844,-0.006393530155021865,0.0231889240695915,399.4683329264323,398.7133324032738,1,1.0,1,1.0,-0.006414056305424778,-0.17728050111654106,-0.16245518068643794,-0.018369422066789817,-0.20843810550776753,-0.18814871772961173
2022-12-15,394.29998779296875,389.6300048828125,-0.024461665405543398,0.018974413038791882,399.00166575113934,398.2914283389137,1,1.0,1,1.0,-0.024765822310819672,-0.20204632342736073,-0.1829429218186326,-0.023401271443829603,-0.23183937695159715,-0.20692650104031263
2022-12-16,385.17999267578125,383.2699890136719,-0.01632321892420352,0.014539098003118589,396.9674987792969,397.71142723446803,1,0.0,1,1.0,-0.016457910405921157,-0.21850423383328188,-0.19627992337935718,-0.004449344408160425,-0.23628872135975756,-0.2104473197023854
2022-12-19,383.4700012207031,380.0199890136719,-0.008479662100243535,0.014645258969016028,394.68749745686847,397.03428431919644,1,0.0,1,0.0,-0.008515818978745046,-0.22702005281202692,-0.20309519805228204,-0.0,-0.23628872135975756,-0.2104473197023854
2022-12-20,379.2300109863281,380.5400085449219,0.001368400469142994,0.011591914283607396,392.48999786376953,396.29666573660717,1,0.0,1,0.0,0.0013674650624644056,-0.2256525877495625,-0.2020047131474345,0.0,-0.23628872135975756,-0.2104473197023854
2022-12-21,383.25,386.2300109863281,0.014952442091866303,0.012333745827148412,391.37666575113934,395.89857119605654,0,0.0,1,0.0,0.014841756314111894,-0.21081083143545062,-0.19007273483118925,-0.0,-0.23628872135975756,-0.2104473197023854
2022-12-22,383.04998779296875,380.7200012207031,-0.014266135745262032,0.030525396314454945,390.28416697184247,394.9852382114955,1,0.0,1,0.0,-0.014368875361936895,-0.22517970679738752,-0.20162726713987633,-0.0,-0.23628872135975756,-0.2104473197023854
2022-12-23,379.6499938964844,382.9100036621094,0.005752265272075174,0.013305819103085259,389.4300003051758,394.0561901274182,0,0.0,1,0.0,0.005735784166452185,-0.21944392263093535,-0.19703481539447332,0.0,-0.23628872135975756,-0.2104473197023854
2022-12-27,382.7900085449219,381.3999938964844,-0.0039435108803203,0.00921901766434452,388.1933339436849,393.0595238095238,1,0.0,1,0.0,-0.00395130702221525,-0.2233952296531506,-0.2002013173364836,-0.0,-0.23628872135975756,-0.2104473197023854
2022-12-28,381.3299865722656,376.6600036621094,-0.01242787181496774,0.018516553243897116,386.80833435058594,392.14285714285717,1,0.0,1,0.0,-0.012505743674206015,-0.2359009733273566,-0.21014111284240578,-0.0,-0.23628872135975756,-0.2104473197023854
2022-12-29,379.6300048828125,383.44000244140625,0.01800031517383771,0.013902130732099005,385.5158335367839,391.58142816452755,0,0.0,1,0.0,0.017840227729302435,-0.21806074559805416,-0.1959234039307124,0.0,-0.23628872135975756,-0.2104473197023854
2022-12-30,380.6400146484375,382.42999267578125,-0.002634075107433076,0.010966345101615316,383.8874994913737,390.3790472121466,1,0.0,1,0.0,-0.0026375503873759484,-0.22069829598543012,-0.19804140207688803,0.0,-0.23628872135975756,-0.2104473197023854
2023-01-03,384.3699951171875,380.82000732421875,-0.004209882546862387,0.0227615763945479,382.33916727701825,389.1142854236421,1,0.0,1,0.0,-0.004218769051922785,-0.2249170650373529,-0.20141755358159075,-0.0,-0.23628872135975756,-0.2104473197023854
2023-01-04,383.17999267578125,383.760009765625,0.007720189025949065,0.015473697060032876,381.8500010172526,388.01190476190476,0,0.0,1,0.0,0.007690540861836688,-0.21722652417551622,-0.1952523461424358,-0.0,-0.23628872135975756,-0.2104473197023854
2023-01-05,381.7200012207031,379.3800048828125,-0.011413395797773451,0.008131762838879286,381.52583567301434,387.04952421642486,1,0.0,1,0.0,-0.01147902847194515,-0.22870555264746137,-0.20443724963324184,0.0,-0.23628872135975756,-0.2104473197023854
2023-01-06,382.6099853515625,388.0799865722656,0.022932103899730993,0.025934994446413784,382.19750213623047,386.77571469261534,0,0.0,1,0.0,0.02267311516744916,-0.2060324374800122,-0.1861933219830756,0.0,-0.23628872135975756,-0.2104473197023854
2023-01-09,390.3699951171875,387.8599853515625,-0.0005668965891446609,0.015554462740051234,382.8075002034505,386.52333286830356,1,0.0,1,0.0,-0.0005670573357700661,-0.20659949481578227,-0.18665466621306648,-0.0,-0.23628872135975756,-0.2104473197023854
2023-01-10,387.25,390.5799865722656,0.007012843096556365,0.011339231644676095,383.1699981689453,386.2538088843936,0,0.0,1,0.0,0.006988367474913615,-0.19961112734086867,-0.18095080300390243,0.0,-0.23628872135975756,-0.2104473197023854
2023-01-11,392.2300109863281,395.5199890136719,0.01264786371867066,0.010782362839324655,384.40333048502606,386.36047508603053,1,0.0,1,0.0,0.012568547576673746,-0.18704257976419492,-0.1705915803814092,0.0,-0.23628872135975756,-0.2104473197023854
2023-01-12,396.6700134277344,396.9599914550781,0.003640782972808232,0.015468061258191668,385.57416280110675,386.26571219308033,0,0.0,1,0.0,0.003634171365240132,-0.18340840839895478,-0.167571884329758,-0.0,-0.23628872135975756,-0.2104473197023854
2023-01-13,393.6199951171875,398.5,0.0038795056884117773,0.014643844560055852,386.9991633097331,386.10047403971356,1,1.0,1,0.0,0.003871999812680603,-0.17953640858627418,-0.16434247471982144,0.0,-0.23628872135975756,-0.2104473197023854
2023-01-17,398.4800109863281,397.7699890136719,-0.0018318970798698597,0.007983713915342472,388.7583287556966,386.0228547595796,0,1.0,1,1.0,-0.001833577055333756,-0.18136998564160794,-0.16587331330015342,0.0013291673714628028,-0.23495955398829477,-0.2093971742867784
2023-01-18,399.010009765625,391.489990234375,-0.015788015568668268,0.022592507578893306,389.42916107177734,386.1114254906064,1,1.0,1,1.0,-0.015913973799226742,-0.19728395944083468,-0.17904251841601238,-0.02448217580371524,-0.25944172979201,-0.22851783888975608
2023-01-19,389.3599853515625,388.6400146484375,-0.007279817254666643,0.009864113800318597,389.94666290283203,386.3671409970238,1,1.0,1,1.0,-0.007306444430314214,-0.2045904038711489,-0.18501893885579512,0.0018988042552752816,-0.25754292553673475,-0.22705155362557394
2023-01-20,390.1000061035156,395.8800048828125,0.018629039629190602,0.019722960929517086,391.20166269938153,387.1223798479353,0,1.0,1,1.0,0.018457644417167424,-0.18613275945398147,-0.1698366243706999,0.01682761309922862,-0.24071531243750613,-0.21393462242645322
2023-01-23,396.7200012207031,400.6300048828125,0.011998585281936869,0.017512363930061392,392.6074956258138,388.07904634021577,1,1.0,1,1.0,0.011927172921546549,-0.17420558653243493,-0.1598758383102712,0.005429886758687011,-0.2352854256788191,-0.20965476739269684
2023-01-24,398.8800048828125,400.20001220703125,-0.0010732912426442143,0.00882702725768203,394.34249623616535,388.7442844935826,0,1.0,1,1.0,-0.00107386763214943,-0.17527945416458435,-0.16077753621574653,-0.007372660530404424,-0.24265808620922352,-0.2154602871343002
2023-01-25,395.95001220703125,400.3500061035156,0.00037479733110745705,0.018142124943413496,395.36499786376953,389.6790466308594,1,1.0,1,1.0,0.0003747271121324628,-0.17490472705245189,-0.16046299787611484,0.01797113119999694,-0.22468695500922659,-0.2012337706080426
2023-01-26,403.1300048828125,404.75,0.010990368001509987,0.012224119849410187,396.77249908447266,390.7190464564732,0,1.0,1,1.0,0.010930412793652575,-0.16397431425879933,-0.15123617727188887,0.0013138458580881488,-0.22337310915113845,-0.2001836251924356
2023-01-27,403.6600036621094,405.67999267578125,0.0022976965430050456,0.011699388241473763,398.0308329264323,391.87523687453495,1,1.0,1,1.0,0.0022950608748414985,-0.16167925338395783,-0.14928597557057877,-0.00213281800526842,-0.22550592715640688,-0.2018876701027379
2023-01-30,402.79998779296875,400.5899963378906,-0.012546826143231882,0.012116533722160261,398.4533335367839,393.01476033528644,1,1.0,1,1.0,-0.012626202210392873,-0.1743054555943507,-0.1599597365327038,-0.004154554071639384,-0.22966048122804628,-0.20519659262435042
2023-01-31,401.1300048828125,406.4800109863281,0.014703349315466685,0.014372358019623332,399.2466684977214,394.11190359933033,0,1.0,1,1.0,0.0145963030912504,-0.1597091525031003,-0.14760833109988747,0.01011985368581663,-0.21954062754222964,-0.19711246231694313
2023-02-01,405.2099914550781,410.79998779296875,0.010627771821197785,0.028134726363857387,400.27166748046875,395.46285574776783,1,1.0,1,1.0,0.010571694025693542,-0.14913745847740675,-0.13854930694052703,0.02353564845550334,-0.1960049790867263,-0.1779918581818306
2023-02-02,414.8599853515625,416.7799987792969,0.01455698920162063,0.013151503128184805,401.8558349609375,397.1752362932478,0,1.0,1,1.0,0.014452053374916023,-0.13468540510249072,-0.12600917850393167,-0.00791337927381965,-0.20391835836054595,-0.1844710504100625
2023-02-03,411.5899963378906,412.3500061035156,-0.010629091340170427,0.01430344920867288,403.5941696166992,398.5366646902902,1,1.0,1,1.0,-0.01068598363290454,-0.14537138873539526,-0.13529890677608403,-0.0043828451232016145,-0.20830120348374756,-0.18803756603759347
2023-02-06,409.7900085449219,409.8299865722656,-0.006111360480051453,0.007816717455762845,405.36000061035156,399.9866638183594,1,1.0,1,1.0,-0.006130111277800135,-0.1515015000131954,-0.14058340686426996,-0.0022476090463075574,-0.2105488125300551,-0.1898604907709558
2023-02-07,408.8699951171875,415.19000244140625,0.013078632712971272,0.02188576870196557,406.9691670735677,401.2776169549851,0,1.0,1,1.0,0.012993845860082188,-0.13850765415311322,-0.12934341289521467,0.010365080060895806,-0.2001837324691593,-0.18141966052650316
2023-02-08,413.1300048828125,410.6499938964844,-0.010934773280246723,0.011221443138350384,407.80416615804035,402.3628554571243,1,1.0,1,1.0,-0.010994997340289235,-0.14950265149340247,-0.13886384528015894,0.0030935055389587802,-0.1970902269302005,-0.1788834568547808
2023-02-09,414.4100036621094,407.0899963378906,-0.00866917718618343,0.021586480910589678,408.3783315022786,403.14904639834447,1,1.0,1,1.0,-0.00870697310092209,-0.15820962459432455,-0.14632918718685384,-0.020847594308692128,-0.21793782123889263,-0.1958245572552162
2023-02-10,405.8599853515625,408.0400085449219,0.0023336663037101246,0.008468908404920983,409.0191650390625,403.74523780459447,0,1.0,1,1.0,0.0023309475334816784,-0.15587867706084288,-0.14433700437653096,0.00702209155271025,-0.21091572968618238,-0.19015769032860597
2023-02-13,408.7200012207031,412.8299865722656,0.011738991096546858,0.011586348960111792,409.69249725341797,404.5009518577939,0,1.0,1,1.0,0.011670623663536151,-0.14420805339730672,-0.13429238408926247,0.006146633918548072,-0.2047690957676343,-0.18516455635648954
2023-02-14,411.239990234375,412.6400146484375,-0.00046016987623753725,0.01600934584466107,410.27249908447266,405.1742858886719,1,1.0,1,1.0,-0.0004602757868875422,-0.14466832918419426,-0.13469075665573405,-0.0021664929780926545,-0.20693558874572696,-0.18692798071045658
2023-02-15,410.3500061035156,413.9800109863281,0.0032473737163669636,0.011209603448865568,411.3883336385091,405.9461916968936,0,1.0,1,1.0,0.003242112385601186,-0.14142621679859307,-0.13188077416236843,-0.003808871295916209,-0.21074446004164316,-0.19001897704574744
2023-02-16,408.7900085449219,408.2799987792969,-0.013768810222142602,0.011687138830973609,411.53833262125653,406.74571591331846,1,1.0,1,1.0,-0.013864479472520551,-0.15529069627111364,-0.14383374303312013,-0.006700671732062635,-0.21744513177370578,-0.19542825086643922
2023-02-17,406.05999755859375,407.260009765625,-0.002498258589011204,0.008563351261451135,411.2433344523112,407.63238234747024,0,1.0,1,1.0,-0.0025013844442150304,-0.15779208071532866,-0.14597266773820927,-0.007415497739503023,-0.22486062951320882,-0.201372483890901
2023-02-21,403.05999755859375,399.0899963378906,-0.0200609272499801,0.01338948959385955,409.76916758219403,407.78523908342635,1,1.0,1,1.0,-0.020264879913440236,-0.17805696062876888,-0.16310524792020764,-0.008821629149521079,-0.2336822586627299,-0.2083866957907683
2023-02-22,399.5199890136719,398.5400085449219,-0.0013781046831931043,0.010352163575822138,408.6183344523112,407.6857154482887,1,1.0,1,1.0,-0.0013790551427742468,-0.17943601577154314,-0.1642585764973885,0.005093156710877652,-0.22858910195185225,-0.20434460040313196
2023-02-23,401.55999755859375,400.6600036621094,0.005319403502116682,0.015015803677050465,407.85416920979816,407.7076198032924,0,1.0,1,1.0,0.005305305448697813,-0.17413071032284533,-0.1598129306423447,-0.015408430638630745,-0.24399753259048299,-0.2165104325499072
2023-02-24,395.4200134277344,396.3800048828125,-0.01068237093839386,0.009170778419939296,406.2866694132487,407.51857212611606,1,0.0,1,1.0,-0.010739837078983187,-0.1848705474018285,-0.16878812057486525,0.011190956968145784,-0.2328065756223372,-0.20769318984434137
2023-02-27,399.8699951171875,397.7300109863281,0.0034058380515806785,0.011442995702386494,405.21000417073566,407.18428693498885,0,0.0,1,0.0,0.0034000513205539825,-0.18147049608127452,-0.1659571475269932,-0.0,-0.2328065756223372,-0.20769318984434137
2023-02-28,397.2300109863281,396.260009765625,-0.0036959776232566854,0.007901060030384377,404.30750528971356,406.73571632021947,1,0.0,1,0.0,-0.003702824624668304,-0.18517332070594283,-0.16903975124657067,-0.0,-0.2328065756223372,-0.20769318984434137
2023-03-01,395.4100036621094,394.739990234375,-0.003835914535380569,0.008414249625066317,403.1991704305013,406.4571446010045,1,0.0,1,0.0,-0.0038432905240252365,-0.18901661122996807,-0.1722272437430874,-0.0,-0.2328065756223372,-0.20769318984434137
2023-03-02,392.67999267578125,397.80999755859375,0.007777289862108905,0.016210883916131902,401.947504679362,406.0442868187314,0,0.0,1,0.0,0.007747202640651336,-0.18126940858931673,-0.1657894150777205,0.0,-0.2328065756223372,-0.20769318984434137
2023-03-03,399.7099914550781,404.19000244140625,0.016037819365946948,0.01358297231866068,401.2433369954427,405.72952561151413,1,0.0,1,0.0,0.015910572248883096,-0.16535883634043363,-0.15241049640357607,0.0,-0.2328065756223372,-0.20769318984434137
2023-03-06,405.04998779296875,404.4700012207031,0.0006927404874084164,0.008514646563836159,400.4508361816406,405.1433352515811,0,0.0,1,0.0,0.0006925006534723625,-0.16466633568696126,-0.15182333683773241,-0.0,-0.2328065756223372,-0.20769318984434137
2023-03-07,404.4200134277344,398.2699890136719,-0.015328731891906533,0.017704922813852164,399.6166687011719,404.47285824730284,1,0.0,1,0.0,-0.01544743147428181,-0.18011376716124308,-0.16482480950431877,-0.0,-0.2328065756223372,-0.20769318984434137
2023-03-08,398.3900146484375,398.9200134277344,0.0016321199989792756,0.007867054504645976,398.92166900634766,403.95333571661087,0,0.0,1,0.0,0.0016307895385843638,-0.17848297762265872,-0.16346170337325938,0.0,-0.2328065756223372,-0.20769318984434137
2023-03-09,399.739990234375,391.55999755859375,-0.01844985365837981,0.028038850386035374,398.29416910807294,402.8280973888579,1,0.0,1,0.0,-0.018622175035731294,-0.19710515265839001,-0.17889571252565306,-0.0,-0.2328065756223372,-0.20769318984434137
2023-03-10,390.989990234375,385.9100036621094,-0.01442944614289643,0.023001655311775338,397.2416687011719,401.6500026157924,1,0.0,1,0.0,-0.014534563011705798,-0.21163971567009582,-0.1907437926194655,-0.0,-0.2328065756223372,-0.20769318984434137
2023-03-13,381.80999755859375,385.3599853515625,-0.001425250201672501,0.02558786525188239,395.96666717529297,400.615240187872,1,0.0,1,0.0,-0.0014262668368289762,-0.2130659825069248,-0.19189718519223942,0.0,-0.2328065756223372,-0.20769318984434137
2023-03-14,390.5,391.7300109863281,0.016530065073970368,0.01653539495132561,395.57916768391925,399.8385736374628,0,0.0,1,0.0,0.016394930701474304,-0.1966710518054505,-0.1785391930770085,-0.0,-0.2328065756223372,-0.20769318984434137
2023-03-15,385.8900146484375,389.2799987792969,-0.006254338800497861,0.015063456537522946,394.875,398.71714564732144,1,0.0,1,0.0,-0.0062739791116780946,-0.2029450309171286,-0.18367688727483522,0.0,-0.2328065756223372,-0.20769318984434137
2023-03-16,386.82000732421875,396.1099853515625,0.01754517723408111,0.02635323837167647,394.8624979654948,397.9300013950893,0,0.0,1,0.0,0.01739303757900711,-0.18555199333812147,-0.1693543535817954,0.0,-0.2328065756223372,-0.20769318984434137
2023-03-17,393.2200012207031,389.989990234375,-0.015450241961852518,0.015055993533147793,394.46666463216144,396.7876194545201,1,0.0,1,0.0,-0.015570840749814475,-0.20112283408793594,-0.18218802980351612,-0.0,-0.2328065756223372,-0.20769318984434137
2023-03-20,390.79998779296875,393.739990234375,0.009615631410812231,0.010510949384805679,394.12749735514325,396.0952380952381,0,0.0,1,0.0,0.009569695461115801,-0.19155313862682014,-0.17432425133475649,0.0,-0.2328065756223372,-0.20769318984434137
2023-03-21,397.239990234375,398.9100036621094,0.013130526631691453,0.009682029475331033,393.68749745686847,395.69761875697543,1,0.0,1,0.0,0.013045068527290258,-0.17850807009952988,-0.1634826939277657,0.0,-0.2328065756223372,-0.20769318984434137
2023-03-22,398.7300109863281,392.1099853515625,-0.017046497325513887,0.02657684269518623,392.6574961344401,395.365237281436,1,0.0,1,0.0,-0.017193461403886095,-0.19570153150341596,-0.1777423839484722,-0.0,-0.2328065756223372,-0.20769318984434137
2023-03-23,395.0899963378906,393.1700134277344,0.0027033947508923184,0.022902529272756045,392.2324981689453,395.1095232282366,1,0.0,1,0.0,0.002699747151757449,-0.19300178435165852,-0.1755194970253573,-0.0,-0.2328065756223372,-0.20769318984434137
2023-03-24,391.8399963378906,395.75,0.006562012575101583,0.016538270524776078,391.9683303833008,394.8757135300409,0,0.0,1,0.0,0.006540576296236363,-0.18646120805542216,-0.17010924559691154,0.0,-0.2328065756223372,-0.20769318984434137
2023-03-27,398.1199951171875,396.489990234375,0.0018698426642451693,0.008494326751639969,392.37916310628253,394.8809509277344,1,0.0,1,0.0,0.0018680966845833614,-0.1845931113708388,-0.16855748045766605,-0.0,-0.2328065756223372,-0.20769318984434137
2023-03-28,395.7699890136719,395.6000061035156,-0.002244657249312332,0.007112163823325579,393.1866633097331,394.7795221237909,0,0.0,1,0.0,-0.002247180268645281,-0.1868402916394841,-0.17042378393654334,0.0,-0.2328065756223372,-0.20769318984434137
2023-03-29,399.92999267578125,401.3500061035156,0.014534883496678752,0.007324203575244326,394.5191650390625,395.0219029017857,1,0.0,1,0.0,0.014430264607990103,-0.172410027031494,-0.1583659902844453,0.0,-0.2328065756223372,-0.20769318984434137
2023-03-30,404.0899963378906,403.70001220703125,0.005855253688247242,0.006446625534984207,395.5166651407878,395.4485706147693,0,1.0,1,0.0,0.005838178311722907,-0.1665718487197711,-0.15343800964490406,0.0,-0.2328065756223372,-0.20769318984434137
2023-03-31,404.6600036621094,409.3900146484375,0.014094630342711634,0.01273025477558054,397.1924997965495,396.0,1,1.0,1,1.0,0.013996224623975942,-0.15257562409579517,-0.1415060313286588,0.01030113813559108,-0.22250543748674612,-0.19948934602767643
2023-04-03,408.8500061035156,410.95001220703125,0.003810541299922532,0.007173618299548323,398.4291687011719,396.3219052269345,0,1.0,1,1.0,0.0038032995781799427,-0.14877232451761524,-0.13823470460530218,0.006752226245404134,-0.21575321124134197,-0.19406582717301546
2023-04-04,411.6199951171875,408.6700134277344,-0.0055481170740256935,0.011492052120583462,399.98583730061847,396.52190580822173,1,1.0,1,1.0,-0.005563565040138121,-0.15433588955775335,-0.14301587935448434,-0.009054010968443334,-0.2248072222097853,-0.20132983020982698
2023-04-05,407.9100036621094,407.6000061035156,-0.0026182672793729767,0.006947884326139686,401.1408386230469,396.9661923363095,1,1.0,1,1.0,-0.002621700935942733,-0.1569575904936961,-0.14525969283651274,-0.0027986826798138873,-0.2276059048895992,-0.20356192965494146
2023-04-06,406.7699890136719,409.19000244140625,0.003900874175862601,0.009367034064171387,401.9975051879883,397.45523943219865,0,1.0,1,1.0,0.003893285494786008,-0.15306430499891008,-0.14192545844522975,-0.00039342907181379454,-0.227999333961413,-0.2038752099148926
2023-04-10,406.6099853515625,409.6099853515625,0.0010263762742257487,0.00916324164228266,403.4558385213216,398.3147626604353,1,1.0,1,1.0,0.0010258499102318234,-0.15203845508867825,-0.14104475109426085,0.008936669795678032,-0.21906266416573497,-0.19672861975445033
2023-04-11,410.260009765625,409.7200012207031,0.0002685868828276039,0.00552670246951914,404.83500417073566,399.44857206798736,0,1.0,1,1.0,0.0002685508198280116,-0.15176990426885023,-0.14081404698146882,0.003916624864902604,-0.21514603930083237,-0.19357633797036045
2023-04-12,411.8699951171875,408.04998779296875,-0.004075987071070042,0.011609098169020227,405.8600031534831,400.52904837472096,1,1.0,1,1.0,-0.004084316547969953,-0.15585422081682018,-0.14431607781761735,-0.006552614594463223,-0.22169865389529558,-0.19884324657109576
2023-04-13,409.17999267578125,413.4700012207031,0.013282719249790409,0.014338602033238557,407.27500406901044,401.56428600492933,0,1.0,1,1.0,0.01319527739381285,-0.14265894342300733,-0.1329502685127093,0.008832293638090028,-0.21286636025720557,-0.1917358537882098
2023-04-14,412.80999755859375,412.4599914550781,-0.0024427643181926806,0.012266494681862028,408.6800028483073,402.66809517996654,1,1.0,1,1.0,-0.002445752734606423,-0.14510469615761376,-0.13506826665888494,-0.0010664400179662048,-0.21393280027517178,-0.19259735956505053
2023-04-17,412.3699951171875,413.94000244140625,0.003588253447581513,0.006981427771909354,409.72916920979816,403.5171436128162,0,1.0,1,1.0,0.0035818310251139345,-0.14152286513249981,-0.13196467238480103,0.007754109812847986,-0.2061786904623238,-0.18631233493354904
2023-04-18,415.5799865722656,414.2099914550781,0.0006522418999843627,0.007122444038230036,410.60500081380206,404.67047700427827,1,1.0,1,1.0,0.0006520292826832333,-0.14087083584981658,-0.13139850337346382,-0.0081179121844627,-0.2142966026467865,-0.19289104113622357
2023-04-19,412.2200012207031,414.1400146484375,-0.0001689404120717164,0.0070845858021442165,411.00083414713544,405.64190673828125,0,1.0,1,1.0,-0.0001689546841105706,-0.14103979053392715,-0.13154524526822997,-0.0024531782449891196,-0.2167497808917756,-0.19486859663562162
2023-04-20,411.2099914550781,411.8800048828125,-0.005457115192173623,0.00836040481928868,411.0783335367839,406.25952584402904,1,1.0,1,1.0,-0.00547205963912668,-0.14651185017305382,-0.13628450290399208,0.0023804018857094423,-0.21436937900606615,-0.19294977745045816
2023-04-21,412.19000244140625,412.20001220703125,0.0007769430912525355,0.006119363107681464,411.3725001017253,407.21619378952755,0,1.0,1,1.0,0.0007766414272094301,-0.1457352087458444,-0.1356134451157156,-0.00048536051041080867,-0.21485473951647696,-0.1933413927134221
2023-04-24,411.989990234375,412.6300048828125,0.0010431651214151128,0.006015589829485801,411.7916666666667,408.1428600492932,0,1.0,1,1.0,0.001042621402772541,-0.14469258734307186,-0.13471174721024015,-0.0034282920185975166,-0.21828303153507447,-0.1961021189866481
2023-04-25,410.5799865722656,406.0799865722656,-0.015873829418699414,0.012659511323380723,411.5324986775716,408.63476417178197,1,1.0,1,1.0,-0.01600116801417094,-0.16069375535724278,-0.14844718533302925,-0.00944577048572924,-0.2277288020208037,-0.20365980359463254
2023-04-26,406.7200012207031,404.3599853515625,-0.004235621743444495,0.010054974418911122,411.0949986775716,409.00952584402904,1,1.0,1,1.0,-0.0042446173996722346,-0.16493837275691503,-0.1520540409505241,0.0006881944401704897,-0.2270406075806332,-0.20311157807774294
2023-04-27,407.0,412.4100036621094,0.01990804877378749,0.014628539976122568,411.3191655476888,409.8100019182478,0,1.0,1,1.0,0.019712474971588356,-0.14522589778532669,-0.13517309144023104,0.010971509310322715,-0.2160690982703105,-0.19432037111873202
2023-04-28,411.489990234375,415.92999267578125,0.008535168842693341,0.010961791424814793,411.97583262125653,410.50428699311755,1,1.0,1,1.0,0.008498950231163765,-0.13672694755416293,-0.12779164775596896,0.009625717707944141,-0.20644338056236636,-0.18652768150170917
2023-05-01,415.4700012207031,415.510009765625,-0.0010097442299229487,0.005658983711048338,412.1458333333333,411.06666782924106,0,1.0,1,1.0,-0.0010102543650607994,-0.13773720191922373,-0.12867235510693797,-0.001686289220328926,-0.2081296697826953,-0.18789827516998303
2023-05-02,414.7699890136719,410.8399963378906,-0.011239232071373118,0.017164434981815413,412.0108337402344,411.1357145763579,1,1.0,1,1.0,-0.011302869513427875,-0.1490400714326516,-0.1384654087180941,-0.008255415332730243,-0.21638508511542554,-0.19457491506444857
2023-05-03,411.3599853515625,408.0199890136719,-0.006864003868551016,0.014959428765884741,411.51749928792316,410.9961896623884,1,1.0,1,1.0,-0.006887669499263906,-0.1559277409319155,-0.14437898548554362,-0.010827545427922702,-0.22721263054334823,-0.2032486493949902
2023-05-04,406.92999267578125,405.1300048828125,-0.007082947425800068,0.008743247794818831,410.7608337402344,410.8276178269159,0,0.0,1,1.0,-0.007108150576824931,-0.16303589150874043,-0.1504393041477592,0.004853929404638152,-0.22235870113871006,-0.19937187339920714
2023-05-05,408.9100036621094,412.6300048828125,0.018512575986983304,0.012431446726126616,410.63499959309894,411.067141578311,1,0.0,1,0.0,0.018343304165668557,-0.14469258734307186,-0.13471174721024015,0.0,-0.22235870113871006,-0.19937187339920714
2023-05-08,412.9700012207031,412.739990234375,0.0002665471494098792,0.004765589041274776,410.7066650390625,411.23618861607144,0,0.0,1,0.0,0.00026651163202968074,-0.14442607571104218,-0.13448110709304117,-0.0,-0.22235870113871006,-0.19937187339920714
2023-05-09,411.1300048828125,410.92999267578125,-0.004385321513347806,0.0034088823398716883,410.600830078125,411.2990461077009,1,0.0,1,0.0,-0.004394965239957476,-0.14882104095099966,-0.13827668571431506,0.0,-0.22235870113871006,-0.19937187339920714
2023-05-10,413.8800048828125,412.8500061035156,0.0046723613801760155,0.013867521450453335,410.6191635131836,411.4480939592634,0,0.0,1,0.0,0.004661479781751272,-0.14415956116924838,-0.13425040298024937,-0.0,-0.22235870113871006,-0.19937187339920714
2023-05-11,411.95001220703125,412.1300048828125,-0.001743977740241598,0.006000418195851953,411.1233317057292,411.6423804873512,1,0.0,1,0.0,-0.0017455002398152337,-0.14590506140906362,-0.13576025100607492,0.0,-0.22235870113871006,-0.19937187339920714
2023-05-12,413.4200134277344,411.5899963378906,-0.001310286896183177,0.011171699812733138,411.72583262125653,411.5528564453125,0,1.0,1,0.0,-0.001311146072652117,-0.14721620748171574,-0.13689265302434228,-0.0,-0.22235870113871006,-0.19937187339920714
2023-05-15,412.2200012207031,413.010009765625,0.0034500678839837207,0.007800457313591691,411.7758331298828,411.5790477934338,1,1.0,1,1.0,0.003444130053141995,-0.14377207742857373,-0.13391487408611125,-0.0008737401657860043,-0.22323244130449607,-0.2000711088317505
2023-05-16,411.8599853515625,410.25,-0.006682670396272572,0.006289043367931457,411.30250040690106,411.40333339146207,0,0.0,1,1.0,-0.006705099417769526,-0.15047717684634326,-0.1397026355177079,0.0011890678704924971,-0.22204337343400357,-0.19911937336168617
2023-05-17,412.3500061035156,415.2300109863281,0.01213896645052559,0.01271179260889621,411.27916717529297,411.45190575009303,1,0.0,1,0.0,0.012065880064935735,-0.13841129678140754,-0.12925951467278185,0.0,-0.22204337343400357,-0.19911937336168617
2023-05-18,414.8999938964844,419.2300109863281,0.009633215071565893,0.01205778049555395,411.9783350626628,411.6942865280878,0,1.0,1,0.0,0.009587111502516284,-0.12882418527889125,-0.12087148430610506,0.0,-0.22204337343400357,-0.19911937336168617
2023-05-19,420.1700134277344,418.6199951171875,-0.0014550863563069782,0.008074745580216147,412.8616689046224,412.01523844401044,1,1.0,1,1.0,-0.0014561460225211089,-0.13028033130141237,-0.12215069221473163,-0.0036480261915475165,-0.2256913996255511,-0.2020356842405202
2023-05-22,418.6400146484375,418.7900085449219,0.0004061283018428341,0.007284074518901118,414.00000254313153,412.3290477934338,0,1.0,1,1.0,0.0004060458540662169,-0.12987428544734614,-0.12179417276608695,-0.0037333793277201798,-0.2294247789532713,-0.20500923357362322
2023-05-23,417.0799865722656,414.0899963378906,-0.011222837486886017,0.012183350981810559,414.1216684977214,412.39857119605654,1,1.0,1,1.0,-0.01128628870935317,-0.1411605741566993,-0.13165013404516945,-0.01123573759624911,-0.2406605165495204,-0.2138915480959369
2023-05-24,412.4200134277344,411.0899963378906,-0.007244801918740551,0.007172836943453387,413.98416900634766,412.63714308965774,0,1.0,1,1.0,-0.0072711729419161625,-0.14843174709861545,-0.13794115682017705,0.0056095141927982916,-0.2350510023567221,-0.20946947031953633
2023-05-25,414.739990234375,414.6499938964844,0.008659898295524604,0.009092892914092321,414.29416910807294,413.1271434965588,1,1.0,1,1.0,0.008622616459603612,-0.13980913063901185,-0.13047581491348226,0.001421558311305616,-0.2336294440454165,-0.20834488593297018
2023-05-26,415.3299865722656,420.0199890136719,0.012950669712364915,0.013293170412214117,414.89166768391925,413.4895237513951,0,1.0,1,1.0,0.012867526857071395,-0.12694160378194044,-0.11921489438551347,0.01600304602955033,-0.21762639801586617,-0.19557407934666338
2023-05-30,422.0299987792969,420.17999267578125,0.00038094297008361977,0.009170359715921395,415.5625,413.69190470377606,1,1.0,1,1.0,0.00038087042973229825,-0.12656073335220813,-0.11887936549137523,-0.00892533685217114,-0.2265517348680373,-0.20272190583097827
2023-05-31,418.2799987792969,417.8500061035156,-0.005545210654671728,0.007207726661865088,416.08416748046875,413.80333310081846,0,1.0,1,1.0,-0.005560642409936827,-0.13212137576214497,-0.1237653650219036,-0.0004543502176885474,-0.22700608508572587,-0.20308406702638304
2023-06-01,418.0899963378906,421.82000732421875,0.009501019894013307,0.014707657950374875,416.8183339436849,414.3261907668341,1,1.0,1,1.0,0.009456169066444198,-0.12266520669570077,-0.1154402423231532,0.015215294157089955,-0.21179079092863592,-0.19086604197556167
2023-06-02,424.5,427.9200134277344,0.014461158782416605,0.01129845002812413,418.2908350626628,415.27381097702755,0,1.0,1,1.0,0.01435759348122755,-0.10830761321447323,-0.10264848321485243,0.00886517868842181,-0.2029256122402141,-0.18366103520613875
2023-06-05,428.2799987792969,427.1000061035156,-0.0019162630830240612,0.007622487598140548,419.2800013224284,416.32000151134673,1,1.0,1,1.0,-0.0019181014640489555,-0.11022571467852219,-0.10436804479896344,-0.003766272253781973,-0.2066918844939961,-0.1867298074555407
2023-06-06,426.6700134277344,428.0299987792969,0.0021774588210983215,0.0060799464711966955,420.0133336385091,417.05333455403644,0,1.0,1,1.0,0.002175091593377299,-0.10805062308514489,-0.10241784309765334,0.0041397984087491475,-0.20255208608524694,-0.183356054295842
2023-06-07,428.44000244140625,426.54998779296875,-0.003457727240027575,0.008237332816148468,420.6741663614909,417.7109534853981,1,1.0,1,1.0,-0.003463718994750308,-0.1115143420798952,-0.10552143737173736,-0.004257034776463011,-0.20680912086170994,-0.18682514671016137
2023-06-08,426.6199951171875,429.1300048828125,0.0060485691329945634,0.008876987258183977,421.53583272298175,418.5776207333519,0,1.0,1,1.0,0.006030349968389047,-0.10548399211150616,-0.10011112194769867,0.007798485412774453,-0.1990106354489355,-0.1804588229017644
